MaintenanceID,EquipmentID,StartTime,EndTime,MaintenanceType,FailureReason,DowntimeHours,Cost
M00001,E010,2026-05-24 13:00:00,2026-05-24 19:00:00,Preventive,Routine,6.0,46461
M00002,QC01,2025-09-28 08:00:00,2025-09-28 15:00:00,Corrective,Routine,7.0,63449
M00003,E015,2026-06-28 01:00:00,2026-06-28 03:00:00,Preventive,Mechanical Wear,2.0,94280
M00004,E001,2026-02-12 08:00:00,2026-02-12 17:00:00,Corrective,Mechanical Wear,9.0,59458
M00005,QC01,2025-12-03 07:00:00,2025-12-03 17:00:00,Preventive,Electrical Failure,10.0,95464
M00006,QC03,2026-08-18 02:00:00,2026-08-18 12:00:00,Corrective,Mechanical Wear,10.0,43569
M00007,QC08,2026-06-20 11:00:00,2026-06-20 15:00:00,Preventive,Hydraulic Fault,4.0,22334
M00008,E018,2026-05-08 05:00:00,2026-05-08 12:00:00,Corrective,Hydraulic Fault,7.0,34820
M00009,E002,2025-07-04 17:00:00,2025-07-05 01:00:00,Preventive,Routine,8.0,24812
M00010,E016,2025-03-27 12:00:00,2025-03-27 22:00:00,Preventive,Electrical Failure,10.0,53764
M00011,QC06,2025-01-24 00:00:00,2025-01-24 04:00:00,Preventive,Electrical Failure,4.0,11747
M00012,QC06,2026-08-01 17:00:00,2026-08-01 20:00:00,Preventive,Electrical Failure,3.0,64154
M00013,E013,2025-10-14 01:00:00,2025-10-14 05:00:00,Corrective,Hydraulic Fault,4.0,50904
M00014,QC02,2026-01-15 22:00:00,2026-01-16 04:00:00,Corrective,Hydraulic Fault,6.0,35466
M00015,E018,2025-11-30 07:00:00,2025-11-30 12:00:00,Corrective,Mechanical Wear,5.0,81331
M00016,QC01,2025-02-08 12:00:00,2025-02-08 22:00:00,Corrective,Electrical Failure,10.0,44463
M00017,QC04,2026-01-17 03:00:00,2026-01-17 04:00:00,Corrective,Routine,1.0,48344
M00018,QC08,2026-06-11 13:00:00,2026-06-11 14:00:00,Preventive,Mechanical Wear,1.0,62861
M00019,E015,2025-12-06 01:00:00,2025-12-06 05:00:00,Preventive,Mechanical Wear,4.0,20899
M00020,E003,2026-02-21 00:00:00,2026-02-21 05:00:00,Preventive,Hydraulic Fault,5.0,29945
M00021,E010,2025-08-16 03:00:00,2025-08-16 11:00:00,Preventive,Routine,8.0,32492
M00022,E014,2025-05-01 00:00:00,2025-05-01 01:00:00,Preventive,Routine,1.0,13357
M00023,E019,2026-06-09 11:00:00,2026-06-09 16:00:00,Preventive,Electrical Failure,5.0,33951
M00024,E010,2025-03-05 03:00:00,2025-03-05 06:00:00,Preventive,Mechanical Wear,3.0,22515
M00025,QC05,2026-08-11 19:00:00,2026-08-12 02:00:00,Preventive,Hydraulic Fault,7.0,87894
M00026,QC07,2026-05-01 06:00:00,2026-05-01 07:00:00,Preventive,Electrical Failure,1.0,59500
M00027,E012,2026-01-18 11:00:00,2026-01-18 22:00:00,Corrective,Electrical Failure,11.0,86606
M00028,E018,2026-04-22 06:00:00,2026-04-22 14:00:00,Preventive,Hydraulic Fault,8.0,35233
M00029,E008,2026-01-30 01:00:00,2026-01-30 02:00:00,Preventive,Mechanical Wear,1.0,64701
M00030,QC05,2026-07-13 07:00:00,2026-07-13 10:00:00,Preventive,Hydraulic Fault,3.0,69253
M00031,E006,2025-02-16 05:00:00,2025-02-16 12:00:00,Preventive,Hydraulic Fault,7.0,59422
M00032,E010,2026-04-01 22:00:00,2026-04-02 06:00:00,Preventive,Mechanical Wear,8.0,24180
M00033,E018,2025-10-14 10:00:00,2025-10-14 22:00:00,Corrective,Electrical Failure,12.0,46233
M00034,QC05,2026-02-01 03:00:00,2026-02-01 14:00:00,Preventive,Mechanical Wear,11.0,27109
M00035,QC04,2025-12-16 16:00:00,2025-12-17 01:00:00,Preventive,Hydraulic Fault,9.0,46295
M00036,E019,2025-05-13 17:00:00,2025-05-13 18:00:00,Corrective,Hydraulic Fault,1.0,27038
M00037,QC05,2025-01-04 07:00:00,2025-01-04 13:00:00,Preventive,Electrical Failure,6.0,67660
M00038,E015,2025-10-21 00:00:00,2025-10-21 07:00:00,Preventive,Routine,7.0,62392
M00039,E008,2026-08-25 09:00:00,2026-08-25 14:00:00,Corrective,Electrical Failure,5.0,12846
M00040,QC06,2026-03-07 14:00:00,2026-03-07 18:00:00,Preventive,Electrical Failure,4.0,45939
M00041,QC02,2025-06-17 19:00:00,2025-06-17 21:00:00,Preventive,Hydraulic Fault,2.0,61818
M00042,E002,2026-06-11 07:00:00,2026-06-11 11:00:00,Corrective,Routine,4.0,95910
M00043,QC03,2026-03-26 07:00:00,2026-03-26 08:00:00,Preventive,Electrical Failure,1.0,44651
M00044,QC01,2025-08-25 03:00:00,2025-08-25 05:00:00,Preventive,Hydraulic Fault,2.0,34089
M00045,E017,2025-05-12 20:00:00,2025-05-13 04:00:00,Corrective,Electrical Failure,8.0,99316
M00046,QC04,2025-02-12 07:00:00,2025-02-12 18:00:00,Preventive,Mechanical Wear,11.0,51299
M00047,QC02,2025-01-21 11:00:00,2025-01-21 19:00:00,Preventive,Routine,8.0,82451
M00048,E010,2026-02-10 14:00:00,2026-02-10 20:00:00,Corrective,Hydraulic Fault,6.0,46813
M00049,E017,2025-04-09 16:00:00,2025-04-09 21:00:00,Preventive,Electrical Failure,5.0,94844
M00050,E008,2025-03-15 20:00:00,2025-03-16 08:00:00,Preventive,Hydraulic Fault,12.0,93901
M00051,QC01,2025-04-23 09:00:00,2025-04-23 17:00:00,Corrective,Electrical Failure,8.0,41808
M00052,QC04,2025-10-07 13:00:00,2025-10-07 15:00:00,Preventive,Routine,2.0,14937
M00053,QC07,2025-05-31 12:00:00,2025-05-31 20:00:00,Preventive,Hydraulic Fault,8.0,63195
M00054,E013,2025-09-30 12:00:00,2025-09-30 15:00:00,Preventive,Routine,3.0,62611
M00055,E006,2025-11-16 03:00:00,2025-11-16 14:00:00,Preventive,Routine,11.0,51841
M00056,E002,2026-02-23 03:00:00,2026-02-23 04:00:00,Preventive,Routine,1.0,67298
M00057,QC02,2025-12-23 01:00:00,2025-12-23 06:00:00,Corrective,Hydraulic Fault,5.0,53989
M00058,E011,2026-06-30 10:00:00,2026-06-30 15:00:00,Preventive,Routine,5.0,40677
M00059,QC01,2025-06-04 20:00:00,2025-06-05 02:00:00,Preventive,Mechanical Wear,6.0,30786
M00060,QC03,2025-01-14 00:00:00,2025-01-14 05:00:00,Corrective,Routine,5.0,21260
M00061,QC04,2025-10-08 09:00:00,2025-10-08 12:00:00,Preventive,Hydraulic Fault,3.0,21803
M00062,E009,2026-05-06 23:00:00,2026-05-07 09:00:00,Corrective,Electrical Failure,10.0,83844
M00063,QC06,2025-08-30 04:00:00,2025-08-30 09:00:00,Corrective,Electrical Failure,5.0,71586
M00064,E018,2026-07-05 11:00:00,2026-07-05 13:00:00,Corrective,Routine,2.0,56835
M00065,QC08,2025-03-26 18:00:00,2025-03-27 04:00:00,Corrective,Mechanical Wear,10.0,38368
M00066,E019,2025-10-14 16:00:00,2025-10-14 21:00:00,Preventive,Mechanical Wear,5.0,32758
M00067,E006,2025-07-07 21:00:00,2025-07-08 08:00:00,Corrective,Routine,11.0,20507
M00068,QC03,2025-05-13 08:00:00,2025-05-13 18:00:00,Corrective,Electrical Failure,10.0,85827
M00069,E007,2026-08-18 19:00:00,2026-08-19 01:00:00,Preventive,Routine,6.0,57385
M00070,E014,2026-04-29 05:00:00,2026-04-29 07:00:00,Preventive,Electrical Failure,2.0,70709
M00071,E018,2026-08-24 22:00:00,2026-08-25 08:00:00,Corrective,Electrical Failure,10.0,10749
M00072,E003,2025-12-21 01:00:00,2025-12-21 08:00:00,Preventive,Mechanical Wear,7.0,11492
M00073,E017,2025-02-21 17:00:00,2025-02-21 19:00:00,Corrective,Hydraulic Fault,2.0,13467
M00074,QC06,2025-09-14 10:00:00,2025-09-14 14:00:00,Corrective,Hydraulic Fault,4.0,39660
M00075,QC03,2025-07-03 15:00:00,2025-07-04 02:00:00,Corrective,Electrical Failure,11.0,33732
M00076,E004,2025-06-10 03:00:00,2025-06-10 09:00:00,Preventive,Routine,6.0,22306
M00077,E015,2026-06-25 09:00:00,2026-06-25 17:00:00,Corrective,Routine,8.0,24200
M00078,E018,2026-02-11 20:00:00,2026-02-12 01:00:00,Preventive,Electrical Failure,5.0,29602
M00079,E017,2025-09-10 01:00:00,2025-09-10 03:00:00,Corrective,Mechanical Wear,2.0,47473
M00080,QC07,2026-05-10 10:00:00,2026-05-10 12:00:00,Corrective,Routine,2.0,58331
M00081,E014,2025-07-19 11:00:00,2025-07-19 16:00:00,Corrective,Electrical Failure,5.0,49040
M00082,E004,2026-01-01 04:00:00,2026-01-01 09:00:00,Corrective,Routine,5.0,58285
M00083,E001,2026-08-19 04:00:00,2026-08-19 09:00:00,Corrective,Routine,5.0,57121
M00084,QC01,2026-07-11 05:00:00,2026-07-11 15:00:00,Preventive,Routine,10.0,35319
M00085,E010,2026-05-20 03:00:00,2026-05-20 05:00:00,Corrective,Hydraulic Fault,2.0,82173
M00086,E009,2026-06-02 11:00:00,2026-06-02 23:00:00,Corrective,Routine,12.0,90157
M00087,E019,2026-07-25 22:00:00,2026-07-26 06:00:00,Preventive,Mechanical Wear,8.0,33172
M00088,E009,2026-05-11 22:00:00,2026-05-12 05:00:00,Corrective,Routine,7.0,33766
M00089,E009,2026-02-26 18:00:00,2026-02-27 00:00:00,Preventive,Mechanical Wear,6.0,62772
M00090,QC08,2026-05-25 13:00:00,2026-05-25 22:00:00,Corrective,Mechanical Wear,9.0,87974
M00091,E003,2025-02-23 09:00:00,2025-02-23 13:00:00,Preventive,Electrical Failure,4.0,17264
M00092,E015,2026-09-01 18:00:00,2026-09-02 03:00:00,Corrective,Electrical Failure,9.0,66311
M00093,QC07,2026-02-01 11:00:00,2026-02-01 15:00:00,Preventive,Electrical Failure,4.0,66549
M00094,QC06,2025-03-08 02:00:00,2025-03-08 05:00:00,Preventive,Hydraulic Fault,3.0,90326
M00095,QC01,2025-03-30 15:00:00,2025-03-31 01:00:00,Corrective,Mechanical Wear,10.0,27319
M00096,E005,2025-02-02 10:00:00,2025-02-02 18:00:00,Preventive,Hydraulic Fault,8.0,48124
M00097,E012,2025-12-13 04:00:00,2025-12-13 09:00:00,Corrective,Routine,5.0,17083
M00098,E011,2025-07-13 16:00:00,2025-07-14 00:00:00,Preventive,Mechanical Wear,8.0,88060
M00099,E019,2026-05-21 10:00:00,2026-05-21 22:00:00,Preventive,Electrical Failure,12.0,21054
M00100,E012,2026-04-13 19:00:00,2026-04-13 22:00:00,Preventive,Routine,3.0,90467
M00101,E010,2026-01-14 19:00:00,2026-01-15 01:00:00,Preventive,Mechanical Wear,6.0,49413
M00102,E013,2026-07-24 08:00:00,2026-07-24 20:00:00,Corrective,Hydraulic Fault,12.0,89083
M00103,E016,2025-11-15 08:00:00,2025-11-15 10:00:00,Corrective,Mechanical Wear,2.0,32543
M00104,E004,2025-01-28 06:00:00,2025-01-28 17:00:00,Corrective,Electrical Failure,11.0,22442
M00105,E014,2025-11-02 04:00:00,2025-11-02 09:00:00,Preventive,Hydraulic Fault,5.0,91207
M00106,QC07,2025-10-05 18:00:00,2025-10-05 21:00:00,Preventive,Electrical Failure,3.0,13926
M00107,QC02,2026-03-15 10:00:00,2026-03-15 13:00:00,Preventive,Hydraulic Fault,3.0,95395
M00108,E001,2026-07-07 09:00:00,2026-07-07 14:00:00,Preventive,Electrical Failure,5.0,15421
M00109,E017,2025-01-30 04:00:00,2025-01-30 14:00:00,Corrective,Electrical Failure,10.0,25298
M00110,QC02,2025-08-29 12:00:00,2025-08-29 14:00:00,Preventive,Mechanical Wear,2.0,52294
M00111,E002,2025-02-25 11:00:00,2025-02-25 19:00:00,Preventive,Hydraulic Fault,8.0,60582
M00112,E012,2025-08-25 14:00:00,2025-08-25 22:00:00,Corrective,Mechanical Wear,8.0,25892
M00113,E008,2026-06-16 21:00:00,2026-06-17 07:00:00,Preventive,Routine,10.0,39669
M00114,QC02,2025-02-14 14:00:00,2025-02-14 16:00:00,Corrective,Mechanical Wear,2.0,26305
M00115,E003,2026-04-27 11:00:00,2026-04-27 21:00:00,Corrective,Routine,10.0,88682
M00116,E019,2025-07-24 06:00:00,2025-07-24 15:00:00,Preventive,Hydraulic Fault,9.0,33133
M00117,E011,2025-10-11 01:00:00,2025-10-11 13:00:00,Preventive,Hydraulic Fault,12.0,76251
M00118,QC07,2025-06-30 06:00:00,2025-06-30 14:00:00,Corrective,Hydraulic Fault,8.0,88702
M00119,E005,2026-06-01 07:00:00,2026-06-01 16:00:00,Corrective,Routine,9.0,38394
M00120,E011,2025-03-22 07:00:00,2025-03-22 09:00:00,Corrective,Hydraulic Fault,2.0,58522
M00121,E003,2026-01-16 11:00:00,2026-01-16 16:00:00,Corrective,Mechanical Wear,5.0,28895
M00122,E005,2025-04-14 09:00:00,2025-04-14 10:00:00,Preventive,Mechanical Wear,1.0,53260
M00123,QC03,2025-04-18 05:00:00,2025-04-18 11:00:00,Corrective,Mechanical Wear,6.0,65527
M00124,QC01,2025-07-13 08:00:00,2025-07-13 15:00:00,Corrective,Mechanical Wear,7.0,51745
M00125,E002,2026-01-13 16:00:00,2026-01-14 02:00:00,Corrective,Routine,10.0,81802
M00126,E018,2025-04-05 21:00:00,2025-04-06 04:00:00,Preventive,Routine,7.0,78527
M00127,E010,2026-05-20 21:00:00,2026-05-21 02:00:00,Preventive,Electrical Failure,5.0,53219
M00128,E006,2025-08-10 14:00:00,2025-08-10 18:00:00,Corrective,Routine,4.0,99423
M00129,QC08,2026-03-23 07:00:00,2026-03-23 13:00:00,Preventive,Routine,6.0,62776
M00130,E019,2025-02-15 01:00:00,2025-02-15 02:00:00,Preventive,Hydraulic Fault,1.0,21496
M00131,E014,2025-07-01 16:00:00,2025-07-02 00:00:00,Corrective,Mechanical Wear,8.0,39946
M00132,E004,2026-03-17 03:00:00,2026-03-17 14:00:00,Corrective,Routine,11.0,82137
M00133,QC07,2025-09-17 02:00:00,2025-09-17 13:00:00,Corrective,Hydraulic Fault,11.0,43617
M00134,E012,2026-05-10 01:00:00,2026-05-10 10:00:00,Preventive,Mechanical Wear,9.0,50183
M00135,E019,2025-05-28 10:00:00,2025-05-28 11:00:00,Corrective,Hydraulic Fault,1.0,33431
M00136,E011,2025-12-16 01:00:00,2025-12-16 12:00:00,Corrective,Routine,11.0,98189
M00137,E009,2025-02-03 04:00:00,2025-02-03 15:00:00,Corrective,Mechanical Wear,11.0,16594
M00138,QC01,2025-07-05 03:00:00,2025-07-05 05:00:00,Corrective,Electrical Failure,2.0,12377
M00139,E009,2025-04-08 06:00:00,2025-04-08 09:00:00,Preventive,Electrical Failure,3.0,20983
M00140,QC08,2025-06-02 17:00:00,2025-06-02 21:00:00,Preventive,Mechanical Wear,4.0,71234
M00141,E015,2025-07-21 10:00:00,2025-07-21 17:00:00,Corrective,Routine,7.0,44968
M00142,E013,2025-01-05 15:00:00,2025-01-05 19:00:00,Preventive,Mechanical Wear,4.0,51913
M00143,E016,2025-04-28 19:00:00,2025-04-28 20:00:00,Preventive,Routine,1.0,24843
M00144,E016,2026-01-30 06:00:00,2026-01-30 13:00:00,Preventive,Mechanical Wear,7.0,26016
M00145,QC01,2026-03-13 05:00:00,2026-03-13 17:00:00,Preventive,Routine,12.0,52403
M00146,QC01,2025-06-04 04:00:00,2025-06-04 06:00:00,Preventive,Electrical Failure,2.0,44051
M00147,E008,2026-02-18 07:00:00,2026-02-18 13:00:00,Preventive,Mechanical Wear,6.0,26469
M00148,E020,2025-11-05 14:00:00,2025-11-05 16:00:00,Corrective,Hydraulic Fault,2.0,47781
M00149,E007,2025-08-11 01:00:00,2025-08-11 05:00:00,Corrective,Hydraulic Fault,4.0,67886
M00150,E011,2025-02-14 08:00:00,2025-02-14 10:00:00,Preventive,Electrical Failure,2.0,20891
M00151,E008,2025-05-23 17:00:00,2025-05-23 18:00:00,Corrective,Mechanical Wear,1.0,71844
M00152,E006,2025-12-29 08:00:00,2025-12-29 13:00:00,Corrective,Electrical Failure,5.0,85485
M00153,E016,2026-07-18 07:00:00,2026-07-18 09:00:00,Preventive,Electrical Failure,2.0,36796
M00154,QC06,2025-02-24 04:00:00,2025-02-24 11:00:00,Preventive,Mechanical Wear,7.0,18095
M00155,E001,2026-08-25 21:00:00,2026-08-25 23:00:00,Corrective,Mechanical Wear,2.0,35598
M00156,QC01,2026-07-27 01:00:00,2026-07-27 03:00:00,Preventive,Routine,2.0,73481
M00157,E005,2025-11-01 08:00:00,2025-11-01 14:00:00,Preventive,Electrical Failure,6.0,75730
M00158,QC04,2026-01-13 23:00:00,2026-01-14 05:00:00,Corrective,Mechanical Wear,6.0,78790
M00159,E010,2025-03-05 18:00:00,2025-03-06 03:00:00,Preventive,Mechanical Wear,9.0,30994
M00160,E010,2026-05-09 23:00:00,2026-05-10 11:00:00,Preventive,Electrical Failure,12.0,95126
M00161,QC04,2025-10-18 03:00:00,2025-10-18 13:00:00,Preventive,Mechanical Wear,10.0,44334
M00162,E020,2025-05-02 23:00:00,2025-05-03 05:00:00,Corrective,Routine,6.0,95241
M00163,E017,2025-02-11 08:00:00,2025-02-11 18:00:00,Corrective,Routine,10.0,44813
M00164,E012,2026-02-20 10:00:00,2026-02-20 18:00:00,Corrective,Hydraulic Fault,8.0,92264
M00165,E003,2025-05-10 12:00:00,2025-05-10 22:00:00,Corrective,Hydraulic Fault,10.0,55293
M00166,E020,2025-03-16 23:00:00,2025-03-17 01:00:00,Corrective,Hydraulic Fault,2.0,99108
M00167,QC07,2026-07-10 01:00:00,2026-07-10 10:00:00,Corrective,Mechanical Wear,9.0,93109
M00168,E010,2025-03-06 16:00:00,2025-03-06 18:00:00,Corrective,Electrical Failure,2.0,45689
M00169,E005,2025-01-29 01:00:00,2025-01-29 10:00:00,Preventive,Electrical Failure,9.0,25937
M00170,E006,2025-03-30 21:00:00,2025-03-31 01:00:00,Corrective,Mechanical Wear,4.0,10385
M00171,E010,2025-10-07 09:00:00,2025-10-07 16:00:00,Preventive,Electrical Failure,7.0,10786
M00172,QC06,2025-02-23 23:00:00,2025-02-24 02:00:00,Corrective,Hydraulic Fault,3.0,40234
M00173,E020,2026-04-11 15:00:00,2026-04-12 00:00:00,Preventive,Mechanical Wear,9.0,63425
M00174,E005,2025-07-06 09:00:00,2025-07-06 18:00:00,Corrective,Electrical Failure,9.0,74882
M00175,E002,2026-05-17 23:00:00,2026-05-18 01:00:00,Preventive,Hydraulic Fault,2.0,65943
M00176,QC08,2026-01-18 12:00:00,2026-01-18 22:00:00,Preventive,Routine,10.0,99389
M00177,QC06,2026-08-07 21:00:00,2026-08-07 22:00:00,Corrective,Electrical Failure,1.0,81866
M00178,E009,2026-04-13 01:00:00,2026-04-13 07:00:00,Preventive,Electrical Failure,6.0,56681
M00179,E014,2025-01-18 08:00:00,2025-01-18 17:00:00,Corrective,Routine,9.0,33652
M00180,E009,2025-03-10 23:00:00,2025-03-11 06:00:00,Corrective,Hydraulic Fault,7.0,75085
M00181,E002,2025-11-28 13:00:00,2025-11-28 20:00:00,Corrective,Mechanical Wear,7.0,52400
M00182,QC04,2025-08-02 22:00:00,2025-08-03 01:00:00,Preventive,Mechanical Wear,3.0,48085
M00183,E013,2025-07-26 05:00:00,2025-07-26 06:00:00,Preventive,Electrical Failure,1.0,88901
M00184,E006,2025-06-18 03:00:00,2025-06-18 10:00:00,Corrective,Electrical Failure,7.0,43083
M00185,E019,2026-03-30 11:00:00,2026-03-30 17:00:00,Preventive,Mechanical Wear,6.0,98702
M00186,E008,2025-06-08 01:00:00,2025-06-08 12:00:00,Preventive,Electrical Failure,11.0,17393
M00187,E004,2025-07-25 07:00:00,2025-07-25 14:00:00,Preventive,Electrical Failure,7.0,36379
M00188,E010,2026-07-29 07:00:00,2026-07-29 19:00:00,Preventive,Electrical Failure,12.0,95690
M00189,E014,2025-10-01 21:00:00,2025-10-02 03:00:00,Corrective,Mechanical Wear,6.0,72764
M00190,E004,2025-01-06 03:00:00,2025-01-06 14:00:00,Preventive,Hydraulic Fault,11.0,47249
M00191,QC04,2025-09-15 00:00:00,2025-09-15 08:00:00,Preventive,Mechanical Wear,8.0,93473
M00192,QC02,2025-06-10 18:00:00,2025-06-11 04:00:00,Corrective,Routine,10.0,68418
M00193,QC03,2025-06-28 23:00:00,2025-06-29 07:00:00,Corrective,Mechanical Wear,8.0,97437
M00194,QC06,2025-11-16 11:00:00,2025-11-16 16:00:00,Preventive,Mechanical Wear,5.0,27731
M00195,QC06,2025-06-25 00:00:00,2025-06-25 05:00:00,Corrective,Hydraulic Fault,5.0,62454
M00196,QC04,2025-04-30 07:00:00,2025-04-30 14:00:00,Preventive,Routine,7.0,85716
M00197,E005,2025-08-30 21:00:00,2025-08-31 00:00:00,Preventive,Electrical Failure,3.0,24158
M00198,E015,2025-10-22 07:00:00,2025-10-22 13:00:00,Corrective,Mechanical Wear,6.0,32102
M00199,E009,2026-07-07 03:00:00,2026-07-07 15:00:00,Corrective,Mechanical Wear,12.0,12333
M00200,E001,2026-01-20 14:00:00,2026-01-21 02:00:00,Preventive,Hydraulic Fault,12.0,32576
M00201,E015,2026-09-10 01:00:00,2026-09-10 02:00:00,Corrective,Mechanical Wear,1.0,22795
M00202,E007,2026-04-24 10:00:00,2026-04-24 22:00:00,Preventive,Hydraulic Fault,12.0,72076
M00203,E004,2026-03-30 06:00:00,2026-03-30 18:00:00,Corrective,Routine,12.0,88667
M00204,E010,2025-11-08 05:00:00,2025-11-08 16:00:00,Corrective,Hydraulic Fault,11.0,54076
M00205,E020,2025-07-14 20:00:00,2025-07-15 04:00:00,Preventive,Electrical Failure,8.0,77319
M00206,E019,2026-03-18 07:00:00,2026-03-18 08:00:00,Corrective,Electrical Failure,1.0,78965
M00207,QC01,2026-07-27 00:00:00,2026-07-27 03:00:00,Preventive,Routine,3.0,46110
M00208,E016,2026-02-20 13:00:00,2026-02-20 22:00:00,Preventive,Hydraulic Fault,9.0,58852
M00209,E020,2025-07-01 10:00:00,2025-07-01 11:00:00,Preventive,Mechanical Wear,1.0,50999
M00210,E004,2025-10-21 13:00:00,2025-10-21 15:00:00,Corrective,Electrical Failure,2.0,92828
M00211,QC06,2026-06-11 11:00:00,2026-06-11 18:00:00,Corrective,Mechanical Wear,7.0,53537
M00212,E017,2026-04-16 01:00:00,2026-04-16 03:00:00,Corrective,Routine,2.0,69579
M00213,QC06,2026-03-12 09:00:00,2026-03-12 11:00:00,Corrective,Mechanical Wear,2.0,93558
M00214,E018,2025-12-17 18:00:00,2025-12-18 04:00:00,Preventive,Electrical Failure,10.0,34393
M00215,E004,2025-04-24 16:00:00,2025-04-25 00:00:00,Preventive,Hydraulic Fault,8.0,97345
M00216,E015,2025-05-09 19:00:00,2025-05-10 03:00:00,Preventive,Mechanical Wear,8.0,44606
M00217,E005,2025-01-23 05:00:00,2025-01-23 06:00:00,Corrective,Routine,1.0,88483
M00218,E019,2025-01-09 20:00:00,2025-01-09 23:00:00,Corrective,Electrical Failure,3.0,66238
M00219,E010,2025-06-22 19:00:00,2025-06-22 22:00:00,Preventive,Mechanical Wear,3.0,12519
M00220,E014,2026-05-26 03:00:00,2026-05-26 07:00:00,Preventive,Hydraulic Fault,4.0,93540
M00221,E009,2026-03-11 03:00:00,2026-03-11 11:00:00,Corrective,Electrical Failure,8.0,68272
M00222,E015,2025-08-24 12:00:00,2025-08-24 16:00:00,Corrective,Electrical Failure,4.0,93884
M00223,E019,2026-08-08 01:00:00,2026-08-08 03:00:00,Corrective,Electrical Failure,2.0,90524
M00224,QC08,2025-09-30 01:00:00,2025-09-30 05:00:00,Corrective,Electrical Failure,4.0,27694
M00225,QC05,2025-01-14 00:00:00,2025-01-14 04:00:00,Preventive,Hydraulic Fault,4.0,29647
M00226,E004,2025-09-20 21:00:00,2025-09-21 00:00:00,Corrective,Routine,3.0,48508
M00227,E005,2026-05-24 03:00:00,2026-05-24 15:00:00,Corrective,Hydraulic Fault,12.0,97108
M00228,E009,2025-06-11 16:00:00,2025-06-11 17:00:00,Corrective,Hydraulic Fault,1.0,45752
M00229,QC03,2026-05-04 01:00:00,2026-05-04 13:00:00,Preventive,Hydraulic Fault,12.0,32780
M00230,E018,2025-09-19 13:00:00,2025-09-19 20:00:00,Preventive,Mechanical Wear,7.0,85867
M00231,QC03,2025-09-20 14:00:00,2025-09-21 02:00:00,Corrective,Hydraulic Fault,12.0,67616
M00232,QC06,2026-06-20 06:00:00,2026-06-20 18:00:00,Preventive,Routine,12.0,10404
M00233,QC04,2025-03-12 20:00:00,2025-03-13 03:00:00,Preventive,Mechanical Wear,7.0,66820
M00234,E015,2025-03-27 11:00:00,2025-03-27 22:00:00,Preventive,Hydraulic Fault,11.0,93656
M00235,E015,2025-03-21 09:00:00,2025-03-21 15:00:00,Preventive,Routine,6.0,76413
M00236,E004,2025-05-28 03:00:00,2025-05-28 07:00:00,Preventive,Electrical Failure,4.0,35941
M00237,E006,2025-04-08 20:00:00,2025-04-09 08:00:00,Preventive,Hydraulic Fault,12.0,39783
M00238,E004,2025-11-29 09:00:00,2025-11-29 18:00:00,Preventive,Routine,9.0,14366
M00239,QC02,2025-12-28 14:00:00,2025-12-28 16:00:00,Corrective,Electrical Failure,2.0,12717
M00240,E001,2025-06-08 10:00:00,2025-06-08 16:00:00,Preventive,Routine,6.0,81232
M00241,QC05,2026-04-08 21:00:00,2026-04-09 03:00:00,Corrective,Routine,6.0,88974
M00242,E008,2026-07-15 23:00:00,2026-07-16 02:00:00,Corrective,Electrical Failure,3.0,60962
M00243,E003,2026-04-17 14:00:00,2026-04-17 23:00:00,Corrective,Routine,9.0,40573
M00244,E002,2025-07-18 21:00:00,2025-07-19 00:00:00,Preventive,Electrical Failure,3.0,85570
M00245,E018,2026-05-01 08:00:00,2026-05-01 10:00:00,Corrective,Routine,2.0,41442
M00246,E004,2026-04-05 23:00:00,2026-04-06 04:00:00,Preventive,Routine,5.0,12769
M00247,QC03,2026-08-11 21:00:00,2026-08-12 09:00:00,Preventive,Electrical Failure,12.0,54575
M00248,E010,2026-02-18 11:00:00,2026-02-18 16:00:00,Corrective,Routine,5.0,11637
M00249,E007,2026-01-05 06:00:00,2026-01-05 17:00:00,Corrective,Mechanical Wear,11.0,73006
M00250,E006,2025-04-17 18:00:00,2025-04-18 05:00:00,Corrective,Routine,11.0,93186
M00251,E002,2026-03-15 03:00:00,2026-03-15 05:00:00,Preventive,Electrical Failure,2.0,10728
M00252,E005,2025-03-04 09:00:00,2025-03-04 14:00:00,Preventive,Electrical Failure,5.0,84464
M00253,E011,2025-05-07 07:00:00,2025-05-07 18:00:00,Corrective,Electrical Failure,11.0,91816
M00254,E016,2025-12-11 21:00:00,2025-12-12 02:00:00,Preventive,Mechanical Wear,5.0,22895
M00255,E001,2026-04-26 15:00:00,2026-04-26 22:00:00,Preventive,Routine,7.0,61993
M00256,QC03,2025-12-09 00:00:00,2025-12-09 09:00:00,Preventive,Routine,9.0,14012
M00257,QC03,2025-04-03 06:00:00,2025-04-03 10:00:00,Preventive,Hydraulic Fault,4.0,53119
M00258,E013,2026-05-03 10:00:00,2026-05-03 21:00:00,Corrective,Electrical Failure,11.0,26056
M00259,E006,2026-05-25 10:00:00,2026-05-25 15:00:00,Corrective,Mechanical Wear,5.0,80220
M00260,E001,2026-09-04 18:00:00,2026-09-05 00:00:00,Corrective,Routine,6.0,35738
M00261,E006,2026-09-17 21:00:00,2026-09-18 02:00:00,Preventive,Routine,5.0,44054
M00262,E019,2026-07-11 00:00:00,2026-07-11 02:00:00,Corrective,Hydraulic Fault,2.0,84268
M00263,QC06,2026-02-05 12:00:00,2026-02-05 22:00:00,Preventive,Mechanical Wear,10.0,64001
M00264,E017,2026-02-05 08:00:00,2026-02-05 09:00:00,Corrective,Routine,1.0,36005
M00265,QC06,2026-08-02 10:00:00,2026-08-02 12:00:00,Corrective,Mechanical Wear,2.0,41116
M00266,QC06,2025-02-15 07:00:00,2025-02-15 11:00:00,Preventive,Mechanical Wear,4.0,33299
M00267,E011,2026-05-09 17:00:00,2026-05-09 18:00:00,Preventive,Mechanical Wear,1.0,21121
M00268,QC05,2025-05-30 15:00:00,2025-05-31 00:00:00,Preventive,Mechanical Wear,9.0,46272
M00269,QC07,2025-05-03 21:00:00,2025-05-04 04:00:00,Corrective,Routine,7.0,97949
M00270,E003,2025-12-26 08:00:00,2025-12-26 09:00:00,Preventive,Hydraulic Fault,1.0,20899
M00271,QC08,2025-03-31 19:00:00,2025-04-01 00:00:00,Preventive,Routine,5.0,93544
M00272,E006,2025-11-21 22:00:00,2025-11-22 01:00:00,Corrective,Hydraulic Fault,3.0,55263
M00273,QC05,2026-01-19 15:00:00,2026-01-19 19:00:00,Preventive,Hydraulic Fault,4.0,92058
M00274,E011,2025-11-12 21:00:00,2025-11-13 08:00:00,Preventive,Mechanical Wear,11.0,72204
M00275,QC08,2025-06-06 15:00:00,2025-06-06 21:00:00,Preventive,Electrical Failure,6.0,12658
M00276,QC03,2025-04-08 23:00:00,2025-04-09 09:00:00,Preventive,Routine,10.0,32339
M00277,E003,2025-02-10 21:00:00,2025-02-11 08:00:00,Corrective,Hydraulic Fault,11.0,59337
M00278,E004,2025-11-08 20:00:00,2025-11-08 22:00:00,Preventive,Electrical Failure,2.0,34299
M00279,QC01,2025-01-18 13:00:00,2025-01-18 21:00:00,Corrective,Hydraulic Fault,8.0,62880
M00280,E016,2026-06-21 10:00:00,2026-06-21 22:00:00,Corrective,Mechanical Wear,12.0,13834
M00281,QC04,2025-03-29 15:00:00,2025-03-29 16:00:00,Corrective,Hydraulic Fault,1.0,87198
M00282,E013,2026-06-12 22:00:00,2026-06-13 02:00:00,Preventive,Routine,4.0,32118
M00283,QC03,2025-03-14 17:00:00,2025-03-15 04:00:00,Preventive,Routine,11.0,80882
M00284,E017,2025-11-20 18:00:00,2025-11-21 01:00:00,Corrective,Hydraulic Fault,7.0,64952
M00285,E008,2026-07-10 18:00:00,2026-07-11 00:00:00,Preventive,Electrical Failure,6.0,32702
M00286,QC08,2025-04-05 23:00:00,2025-04-06 00:00:00,Preventive,Routine,1.0,15797
M00287,E004,2026-01-21 09:00:00,2026-01-21 19:00:00,Corrective,Hydraulic Fault,10.0,76742
M00288,QC07,2026-07-07 22:00:00,2026-07-08 07:00:00,Corrective,Electrical Failure,9.0,67871
M00289,E012,2025-12-18 13:00:00,2025-12-18 22:00:00,Preventive,Hydraulic Fault,9.0,86998
M00290,E011,2025-06-19 23:00:00,2025-06-20 01:00:00,Preventive,Electrical Failure,2.0,91249
M00291,E004,2026-03-06 20:00:00,2026-03-07 05:00:00,Corrective,Routine,9.0,52072
M00292,E015,2026-06-03 20:00:00,2026-06-04 06:00:00,Preventive,Electrical Failure,10.0,10038
M00293,E020,2026-09-09 19:00:00,2026-09-10 06:00:00,Preventive,Electrical Failure,11.0,14050
M00294,QC01,2026-02-02 07:00:00,2026-02-02 19:00:00,Preventive,Electrical Failure,12.0,88749
M00295,QC03,2025-01-15 14:00:00,2025-01-15 20:00:00,Preventive,Routine,6.0,51206
M00296,E006,2026-08-17 08:00:00,2026-08-17 17:00:00,Corrective,Hydraulic Fault,9.0,58387
M00297,E007,2026-03-10 22:00:00,2026-03-11 06:00:00,Corrective,Electrical Failure,8.0,97485
M00298,E020,2026-05-16 05:00:00,2026-05-16 15:00:00,Corrective,Routine,10.0,32625
M00299,E014,2025-11-18 23:00:00,2025-11-19 03:00:00,Corrective,Routine,4.0,99888
M00300,E008,2025-10-21 19:00:00,2025-10-22 07:00:00,Preventive,Electrical Failure,12.0,35033
M00301,QC01,2025-12-10 08:00:00,2025-12-10 20:00:00,Preventive,Hydraulic Fault,12.0,13408
M00302,E002,2026-09-08 20:00:00,2026-09-08 22:00:00,Preventive,Routine,2.0,71051
M00303,E008,2025-03-01 12:00:00,2025-03-01 21:00:00,Corrective,Routine,9.0,30973
M00304,E003,2025-04-21 16:00:00,2025-04-21 21:00:00,Corrective,Routine,5.0,42095
M00305,E010,2025-08-23 14:00:00,2025-08-23 15:00:00,Corrective,Hydraulic Fault,1.0,74018
M00306,E010,2025-05-22 07:00:00,2025-05-22 14:00:00,Preventive,Electrical Failure,7.0,77652
M00307,E013,2025-09-19 14:00:00,2025-09-19 23:00:00,Preventive,Routine,9.0,68483
M00308,E011,2025-03-18 13:00:00,2025-03-18 17:00:00,Corrective,Mechanical Wear,4.0,65573
M00309,E004,2025-01-16 11:00:00,2025-01-16 14:00:00,Corrective,Hydraulic Fault,3.0,26237
M00310,QC05,2025-07-06 14:00:00,2025-07-07 01:00:00,Corrective,Hydraulic Fault,11.0,63044
M00311,E012,2025-01-03 09:00:00,2025-01-03 16:00:00,Preventive,Hydraulic Fault,7.0,16986
M00312,E012,2025-11-10 09:00:00,2025-11-10 21:00:00,Preventive,Routine,12.0,97288
M00313,E016,2025-02-19 03:00:00,2025-02-19 08:00:00,Preventive,Electrical Failure,5.0,83993
M00314,E010,2025-01-02 19:00:00,2025-01-02 20:00:00,Preventive,Routine,1.0,56289
M00315,E006,2026-08-13 19:00:00,2026-08-14 07:00:00,Preventive,Routine,12.0,43517
M00316,QC02,2025-02-08 13:00:00,2025-02-08 15:00:00,Preventive,Hydraulic Fault,2.0,66948
M00317,QC04,2026-05-13 17:00:00,2026-05-13 20:00:00,Corrective,Mechanical Wear,3.0,73707
M00318,E003,2025-05-26 01:00:00,2025-05-26 13:00:00,Preventive,Hydraulic Fault,12.0,68794
M00319,QC08,2025-11-10 22:00:00,2025-11-11 00:00:00,Preventive,Electrical Failure,2.0,75193
M00320,E015,2026-01-12 23:00:00,2026-01-13 04:00:00,Corrective,Electrical Failure,5.0,83357
M00321,E002,2026-05-29 06:00:00,2026-05-29 13:00:00,Preventive,Routine,7.0,26816
M00322,E011,2026-03-05 12:00:00,2026-03-05 21:00:00,Corrective,Mechanical Wear,9.0,52919
M00323,E017,2025-10-02 01:00:00,2025-10-02 10:00:00,Preventive,Mechanical Wear,9.0,41378
M00324,E010,2025-03-07 01:00:00,2025-03-07 04:00:00,Corrective,Electrical Failure,3.0,30844
M00325,QC03,2025-03-10 01:00:00,2025-03-10 13:00:00,Preventive,Routine,12.0,18250
M00326,E013,2025-03-15 14:00:00,2025-03-15 15:00:00,Preventive,Routine,1.0,66919
M00327,E006,2025-05-07 14:00:00,2025-05-08 02:00:00,Preventive,Hydraulic Fault,12.0,78784
M00328,QC08,2026-02-17 23:00:00,2026-02-18 00:00:00,Corrective,Hydraulic Fault,1.0,44327
M00329,E014,2025-10-15 18:00:00,2025-10-16 03:00:00,Preventive,Mechanical Wear,9.0,38408
M00330,E004,2026-04-16 08:00:00,2026-04-16 14:00:00,Corrective,Electrical Failure,6.0,35747
M00331,E007,2026-01-19 18:00:00,2026-01-19 23:00:00,Corrective,Routine,5.0,54336
M00332,E012,2026-01-20 12:00:00,2026-01-20 13:00:00,Corrective,Routine,1.0,32643
M00333,E011,2025-10-17 21:00:00,2025-10-18 03:00:00,Preventive,Hydraulic Fault,6.0,20774
M00334,QC02,2025-11-07 11:00:00,2025-11-07 20:00:00,Preventive,Electrical Failure,9.0,45912
M00335,E007,2025-05-20 00:00:00,2025-05-20 02:00:00,Corrective,Mechanical Wear,2.0,23009
M00336,E020,2026-08-01 09:00:00,2026-08-01 12:00:00,Corrective,Mechanical Wear,3.0,60790
M00337,E020,2025-06-23 16:00:00,2025-06-23 20:00:00,Preventive,Mechanical Wear,4.0,98355
M00338,E017,2025-10-14 02:00:00,2025-10-14 07:00:00,Preventive,Mechanical Wear,5.0,69203
M00339,E005,2025-10-30 22:00:00,2025-10-31 05:00:00,Corrective,Mechanical Wear,7.0,38068
M00340,E006,2026-04-07 07:00:00,2026-04-07 10:00:00,Corrective,Routine,3.0,73793
M00341,QC02,2025-01-30 09:00:00,2025-01-30 20:00:00,Preventive,Electrical Failure,11.0,32238
M00342,E006,2025-03-25 00:00:00,2025-03-25 11:00:00,Preventive,Routine,11.0,82619
M00343,E002,2026-06-29 02:00:00,2026-06-29 10:00:00,Preventive,Electrical Failure,8.0,14193
M00344,QC02,2025-12-29 08:00:00,2025-12-29 18:00:00,Corrective,Hydraulic Fault,10.0,43469
M00345,QC05,2026-05-16 17:00:00,2026-05-16 22:00:00,Preventive,Electrical Failure,5.0,70064
M00346,E012,2026-05-19 19:00:00,2026-05-20 06:00:00,Preventive,Routine,11.0,22664
M00347,E016,2025-11-01 00:00:00,2025-11-01 02:00:00,Corrective,Hydraulic Fault,2.0,10756
M00348,E013,2026-09-09 13:00:00,2026-09-10 00:00:00,Corrective,Hydraulic Fault,11.0,14828
M00349,E016,2025-08-10 10:00:00,2025-08-10 12:00:00,Preventive,Routine,2.0,84122
M00350,E016,2026-03-24 01:00:00,2026-03-24 03:00:00,Preventive,Electrical Failure,2.0,23933
M00351,E006,2026-04-13 18:00:00,2026-04-13 19:00:00,Preventive,Routine,1.0,14363
M00352,QC03,2025-05-04 17:00:00,2025-05-04 23:00:00,Corrective,Hydraulic Fault,6.0,76880
M00353,QC04,2026-05-28 09:00:00,2026-05-28 12:00:00,Corrective,Electrical Failure,3.0,18038
M00354,E018,2025-09-28 11:00:00,2025-09-28 16:00:00,Corrective,Hydraulic Fault,5.0,77936
M00355,E006,2025-06-15 06:00:00,2025-06-15 12:00:00,Corrective,Routine,6.0,16734
M00356,E004,2025-06-10 09:00:00,2025-06-10 19:00:00,Corrective,Electrical Failure,10.0,41101
M00357,E001,2025-01-12 23:00:00,2025-01-13 07:00:00,Corrective,Hydraulic Fault,8.0,34291
M00358,E002,2025-05-05 08:00:00,2025-05-05 15:00:00,Preventive,Electrical Failure,7.0,69593
M00359,E003,2026-05-13 15:00:00,2026-05-14 00:00:00,Preventive,Mechanical Wear,9.0,27652
M00360,QC06,2026-06-18 23:00:00,2026-06-19 01:00:00,Corrective,Hydraulic Fault,2.0,84017
M00361,E010,2025-04-02 12:00:00,2025-04-02 23:00:00,Preventive,Hydraulic Fault,11.0,14134
M00362,QC02,2026-04-01 16:00:00,2026-04-02 01:00:00,Corrective,Hydraulic Fault,9.0,18867
M00363,E010,2025-12-17 22:00:00,2025-12-18 00:00:00,Corrective,Mechanical Wear,2.0,97425
M00364,E018,2026-07-24 13:00:00,2026-07-24 15:00:00,Preventive,Mechanical Wear,2.0,97577
M00365,E013,2025-05-03 22:00:00,2025-05-03 23:00:00,Preventive,Electrical Failure,1.0,88125
M00366,E011,2026-09-11 07:00:00,2026-09-11 11:00:00,Preventive,Hydraulic Fault,4.0,59519
M00367,E009,2026-05-28 17:00:00,2026-05-28 18:00:00,Corrective,Routine,1.0,41612
M00368,E002,2025-11-21 21:00:00,2025-11-21 22:00:00,Preventive,Electrical Failure,1.0,43239
M00369,E006,2025-04-08 18:00:00,2025-04-09 00:00:00,Preventive,Electrical Failure,6.0,66260
M00370,E006,2025-06-24 15:00:00,2025-06-24 17:00:00,Corrective,Electrical Failure,2.0,88764
M00371,E001,2025-04-02 11:00:00,2025-04-02 22:00:00,Preventive,Mechanical Wear,11.0,80064
M00372,E012,2026-02-03 06:00:00,2026-02-03 12:00:00,Corrective,Routine,6.0,37172
M00373,E014,2026-07-06 23:00:00,2026-07-07 03:00:00,Corrective,Hydraulic Fault,4.0,47752
M00374,E009,2025-05-09 01:00:00,2025-05-09 11:00:00,Corrective,Routine,10.0,90409
M00375,E014,2026-05-25 17:00:00,2026-05-25 20:00:00,Corrective,Routine,3.0,77172
M00376,E009,2025-11-15 12:00:00,2025-11-15 20:00:00,Corrective,Electrical Failure,8.0,77124
M00377,E010,2025-05-05 16:00:00,2025-05-06 02:00:00,Corrective,Electrical Failure,10.0,86504
M00378,QC06,2026-01-03 05:00:00,2026-01-03 07:00:00,Corrective,Routine,2.0,61764
M00379,E012,2026-07-24 09:00:00,2026-07-24 20:00:00,Corrective,Mechanical Wear,11.0,37163
M00380,QC02,2026-02-07 12:00:00,2026-02-07 17:00:00,Corrective,Mechanical Wear,5.0,90121
M00381,E019,2025-09-14 06:00:00,2025-09-14 18:00:00,Preventive,Electrical Failure,12.0,15518
M00382,E012,2025-04-01 18:00:00,2025-04-01 21:00:00,Corrective,Hydraulic Fault,3.0,10310
M00383,E012,2026-01-02 18:00:00,2026-01-02 19:00:00,Corrective,Mechanical Wear,1.0,67260
M00384,E003,2025-11-24 18:00:00,2025-11-24 19:00:00,Preventive,Hydraulic Fault,1.0,19036
M00385,QC02,2025-02-28 20:00:00,2025-03-01 03:00:00,Corrective,Electrical Failure,7.0,34353
M00386,QC02,2026-05-05 04:00:00,2026-05-05 11:00:00,Preventive,Electrical Failure,7.0,37775
M00387,QC02,2026-04-12 16:00:00,2026-04-12 22:00:00,Corrective,Routine,6.0,51200
M00388,E003,2026-08-23 07:00:00,2026-08-23 19:00:00,Preventive,Hydraulic Fault,12.0,95676
M00389,QC01,2026-07-06 22:00:00,2026-07-07 05:00:00,Preventive,Electrical Failure,7.0,16444
M00390,E008,2025-12-14 07:00:00,2025-12-14 12:00:00,Corrective,Mechanical Wear,5.0,14434
M00391,E001,2025-10-18 14:00:00,2025-10-18 16:00:00,Preventive,Hydraulic Fault,2.0,71235
M00392,E012,2025-11-07 23:00:00,2025-11-08 06:00:00,Corrective,Mechanical Wear,7.0,54639
M00393,QC02,2026-02-26 01:00:00,2026-02-26 03:00:00,Corrective,Hydraulic Fault,2.0,37641
M00394,QC08,2025-02-01 03:00:00,2025-02-01 13:00:00,Preventive,Mechanical Wear,10.0,59178
M00395,E011,2025-06-30 20:00:00,2025-07-01 04:00:00,Preventive,Routine,8.0,99475
M00396,E007,2025-05-23 02:00:00,2025-05-23 03:00:00,Corrective,Routine,1.0,78010
M00397,E001,2025-03-11 12:00:00,2025-03-11 23:00:00,Preventive,Electrical Failure,11.0,37471
M00398,E011,2025-06-26 03:00:00,2025-06-26 04:00:00,Preventive,Mechanical Wear,1.0,59318
M00399,QC02,2026-04-13 11:00:00,2026-04-13 23:00:00,Preventive,Routine,12.0,90376
M00400,E001,2026-06-30 19:00:00,2026-06-30 22:00:00,Corrective,Electrical Failure,3.0,47337
M00401,E008,2025-02-25 09:00:00,2025-02-25 16:00:00,Preventive,Routine,7.0,35076
M00402,QC08,2025-10-28 07:00:00,2025-10-28 11:00:00,Corrective,Routine,4.0,81078
M00403,E010,2025-01-25 08:00:00,2025-01-25 16:00:00,Corrective,Routine,8.0,77106
M00404,E005,2025-04-22 19:00:00,2025-04-23 01:00:00,Corrective,Routine,6.0,40728
M00405,QC08,2025-06-20 13:00:00,2025-06-20 21:00:00,Preventive,Electrical Failure,8.0,39099
M00406,E005,2025-06-17 16:00:00,2025-06-18 00:00:00,Corrective,Routine,8.0,89637
M00407,E012,2025-01-01 16:00:00,2025-01-02 02:00:00,Corrective,Hydraulic Fault,10.0,66542
M00408,E011,2025-09-06 23:00:00,2025-09-07 04:00:00,Corrective,Electrical Failure,5.0,70894
M00409,E003,2026-08-02 12:00:00,2026-08-02 18:00:00,Corrective,Electrical Failure,6.0,63565
M00410,QC03,2025-12-20 23:00:00,2025-12-21 06:00:00,Corrective,Hydraulic Fault,7.0,53629
M00411,E012,2026-03-18 02:00:00,2026-03-18 05:00:00,Corrective,Hydraulic Fault,3.0,76858
M00412,E011,2025-05-31 13:00:00,2025-05-31 22:00:00,Preventive,Electrical Failure,9.0,85646
M00413,E016,2025-01-13 16:00:00,2025-01-13 17:00:00,Preventive,Electrical Failure,1.0,40143
M00414,E019,2026-02-13 21:00:00,2026-02-14 07:00:00,Corrective,Electrical Failure,10.0,12412
M00415,QC02,2025-04-06 18:00:00,2025-04-06 20:00:00,Corrective,Hydraulic Fault,2.0,52979
M00416,QC04,2025-08-14 20:00:00,2025-08-15 05:00:00,Corrective,Routine,9.0,35261
M00417,QC08,2025-05-13 04:00:00,2025-05-13 05:00:00,Corrective,Routine,1.0,92325
M00418,E018,2025-09-06 09:00:00,2025-09-06 10:00:00,Corrective,Routine,1.0,53714
M00419,E020,2025-10-05 09:00:00,2025-10-05 15:00:00,Preventive,Electrical Failure,6.0,33050
M00420,E009,2026-04-12 02:00:00,2026-04-12 11:00:00,Preventive,Mechanical Wear,9.0,41870
M00421,E017,2026-04-29 10:00:00,2026-04-29 15:00:00,Corrective,Routine,5.0,77300
M00422,E005,2025-06-30 02:00:00,2025-06-30 07:00:00,Preventive,Mechanical Wear,5.0,99916
M00423,E020,2025-12-18 02:00:00,2025-12-18 11:00:00,Corrective,Hydraulic Fault,9.0,84823
M00424,E018,2025-12-29 00:00:00,2025-12-29 09:00:00,Preventive,Routine,9.0,13398
M00425,QC07,2025-10-04 20:00:00,2025-10-04 23:00:00,Preventive,Hydraulic Fault,3.0,45133
M00426,E018,2025-06-05 10:00:00,2025-06-05 19:00:00,Preventive,Mechanical Wear,9.0,21875
M00427,E016,2026-03-30 16:00:00,2026-03-31 00:00:00,Corrective,Electrical Failure,8.0,56020
M00428,E010,2026-07-27 21:00:00,2026-07-28 06:00:00,Corrective,Routine,9.0,74872
M00429,E007,2026-06-13 04:00:00,2026-06-13 05:00:00,Corrective,Mechanical Wear,1.0,79968
M00430,E014,2025-08-13 01:00:00,2025-08-13 13:00:00,Preventive,Electrical Failure,12.0,79965
M00431,QC03,2025-06-26 17:00:00,2025-06-27 02:00:00,Preventive,Mechanical Wear,9.0,47908
M00432,E018,2025-05-01 04:00:00,2025-05-01 09:00:00,Preventive,Electrical Failure,5.0,28146
M00433,E005,2025-01-13 22:00:00,2025-01-14 02:00:00,Preventive,Hydraulic Fault,4.0,38000
M00434,E007,2025-05-09 18:00:00,2025-05-10 05:00:00,Corrective,Electrical Failure,11.0,93382
M00435,E001,2026-05-31 05:00:00,2026-05-31 11:00:00,Corrective,Mechanical Wear,6.0,34765
M00436,E020,2025-05-26 00:00:00,2025-05-26 08:00:00,Corrective,Mechanical Wear,8.0,83241
M00437,E017,2025-10-04 20:00:00,2025-10-05 00:00:00,Corrective,Electrical Failure,4.0,58122
M00438,E020,2026-06-13 06:00:00,2026-06-13 14:00:00,Corrective,Mechanical Wear,8.0,62605
M00439,E009,2025-10-31 22:00:00,2025-10-31 23:00:00,Corrective,Hydraulic Fault,1.0,48914
M00440,E015,2025-01-25 17:00:00,2025-01-25 21:00:00,Corrective,Electrical Failure,4.0,53532
M00441,E017,2026-07-02 09:00:00,2026-07-02 13:00:00,Corrective,Electrical Failure,4.0,82435
M00442,E010,2026-05-16 23:00:00,2026-05-17 06:00:00,Preventive,Routine,7.0,10444
M00443,E014,2026-03-29 00:00:00,2026-03-29 06:00:00,Corrective,Routine,6.0,46750
M00444,E007,2025-12-12 08:00:00,2025-12-12 16:00:00,Corrective,Mechanical Wear,8.0,73932
M00445,E007,2025-10-03 20:00:00,2025-10-04 02:00:00,Corrective,Mechanical Wear,6.0,59516
M00446,E004,2025-09-12 07:00:00,2025-09-12 15:00:00,Corrective,Mechanical Wear,8.0,87362
M00447,E007,2026-01-21 18:00:00,2026-01-22 00:00:00,Preventive,Hydraulic Fault,6.0,96941
M00448,E010,2025-04-13 22:00:00,2025-04-14 00:00:00,Preventive,Hydraulic Fault,2.0,71976
M00449,QC06,2025-03-06 22:00:00,2025-03-07 08:00:00,Preventive,Mechanical Wear,10.0,21500
M00450,QC06,2025-10-23 03:00:00,2025-10-23 13:00:00,Corrective,Mechanical Wear,10.0,32535
M00451,E005,2025-11-16 17:00:00,2025-11-17 04:00:00,Corrective,Routine,11.0,92904
M00452,E006,2025-05-09 12:00:00,2025-05-10 00:00:00,Corrective,Mechanical Wear,12.0,70216
M00453,QC04,2026-06-27 18:00:00,2026-06-28 00:00:00,Preventive,Electrical Failure,6.0,65371
M00454,QC06,2026-01-01 19:00:00,2026-01-01 20:00:00,Preventive,Mechanical Wear,1.0,24003
M00455,E002,2025-09-18 20:00:00,2025-09-18 21:00:00,Corrective,Routine,1.0,65614
M00456,E011,2025-10-03 01:00:00,2025-10-03 04:00:00,Preventive,Electrical Failure,3.0,88808
M00457,E017,2025-08-04 23:00:00,2025-08-05 00:00:00,Preventive,Electrical Failure,1.0,73457
M00458,E017,2025-02-24 13:00:00,2025-02-25 01:00:00,Preventive,Mechanical Wear,12.0,88726
M00459,E010,2025-11-12 09:00:00,2025-11-12 10:00:00,Preventive,Mechanical Wear,1.0,20029
M00460,QC08,2026-06-11 00:00:00,2026-06-11 06:00:00,Corrective,Hydraulic Fault,6.0,61279
M00461,E004,2025-12-01 06:00:00,2025-12-01 16:00:00,Preventive,Mechanical Wear,10.0,28387
M00462,E013,2025-01-07 08:00:00,2025-01-07 16:00:00,Corrective,Mechanical Wear,8.0,76646
M00463,E013,2025-08-18 11:00:00,2025-08-18 18:00:00,Corrective,Mechanical Wear,7.0,52904
M00464,QC07,2025-04-27 08:00:00,2025-04-27 15:00:00,Preventive,Routine,7.0,70615
M00465,QC06,2026-03-21 03:00:00,2026-03-21 06:00:00,Corrective,Hydraulic Fault,3.0,75337
M00466,E011,2025-06-17 20:00:00,2025-06-17 23:00:00,Corrective,Hydraulic Fault,3.0,74221
M00467,E007,2025-10-06 21:00:00,2025-10-07 06:00:00,Preventive,Routine,9.0,60008
M00468,E017,2026-03-06 19:00:00,2026-03-07 02:00:00,Preventive,Electrical Failure,7.0,79379
M00469,QC01,2025-06-04 07:00:00,2025-06-04 13:00:00,Preventive,Hydraulic Fault,6.0,28832
M00470,E005,2025-12-11 09:00:00,2025-12-11 19:00:00,Preventive,Hydraulic Fault,10.0,13888
M00471,E003,2026-01-19 17:00:00,2026-01-20 02:00:00,Corrective,Electrical Failure,9.0,92252
M00472,E016,2025-10-10 13:00:00,2025-10-11 01:00:00,Corrective,Routine,12.0,38033
M00473,QC07,2025-11-29 17:00:00,2025-11-30 01:00:00,Corrective,Hydraulic Fault,8.0,42481
M00474,E020,2026-08-24 00:00:00,2026-08-24 09:00:00,Corrective,Electrical Failure,9.0,96878
M00475,E020,2025-09-21 09:00:00,2025-09-21 21:00:00,Corrective,Hydraulic Fault,12.0,92209
M00476,E008,2025-03-18 20:00:00,2025-03-19 00:00:00,Corrective,Routine,4.0,59782
M00477,QC03,2025-05-16 10:00:00,2025-05-16 15:00:00,Corrective,Electrical Failure,5.0,80801
M00478,QC01,2025-02-08 08:00:00,2025-02-08 13:00:00,Preventive,Mechanical Wear,5.0,84693
M00479,QC08,2026-09-12 13:00:00,2026-09-13 00:00:00,Preventive,Electrical Failure,11.0,47743
M00480,QC06,2025-07-03 16:00:00,2025-07-03 22:00:00,Corrective,Electrical Failure,6.0,62104
M00481,QC03,2026-01-25 07:00:00,2026-01-25 17:00:00,Preventive,Mechanical Wear,10.0,84470
M00482,E002,2026-04-26 09:00:00,2026-04-26 18:00:00,Corrective,Mechanical Wear,9.0,95268
M00483,E011,2025-10-19 20:00:00,2025-10-19 21:00:00,Preventive,Hydraulic Fault,1.0,36863
M00484,E016,2025-07-23 05:00:00,2025-07-23 10:00:00,Preventive,Mechanical Wear,5.0,13889
M00485,E016,2026-08-04 23:00:00,2026-08-05 11:00:00,Preventive,Mechanical Wear,12.0,74943
M00486,E001,2025-04-12 17:00:00,2025-04-13 05:00:00,Corrective,Routine,12.0,40115
M00487,E020,2025-02-21 17:00:00,2025-02-22 03:00:00,Preventive,Routine,10.0,41418
M00488,E011,2026-07-08 21:00:00,2026-07-09 00:00:00,Preventive,Electrical Failure,3.0,14976
M00489,QC03,2025-12-21 08:00:00,2025-12-21 10:00:00,Corrective,Hydraulic Fault,2.0,31096
M00490,E018,2025-12-01 08:00:00,2025-12-01 11:00:00,Corrective,Routine,3.0,70215
M00491,E015,2026-08-19 23:00:00,2026-08-20 00:00:00,Corrective,Hydraulic Fault,1.0,91130
M00492,E020,2026-08-11 23:00:00,2026-08-12 05:00:00,Corrective,Electrical Failure,6.0,94489
M00493,E008,2026-07-17 13:00:00,2026-07-17 23:00:00,Corrective,Mechanical Wear,10.0,48678
M00494,QC07,2025-09-21 16:00:00,2025-09-21 18:00:00,Corrective,Mechanical Wear,2.0,33744
M00495,E006,2026-03-07 12:00:00,2026-03-07 19:00:00,Preventive,Mechanical Wear,7.0,76577
M00496,E011,2025-05-05 21:00:00,2025-05-06 05:00:00,Preventive,Electrical Failure,8.0,32778
M00497,QC08,2025-09-04 11:00:00,2025-09-04 21:00:00,Preventive,Mechanical Wear,10.0,98443
M00498,E010,2025-11-09 20:00:00,2025-11-10 04:00:00,Preventive,Mechanical Wear,8.0,10293
M00499,E005,2026-07-24 04:00:00,2026-07-24 12:00:00,Corrective,Electrical Failure,8.0,10455
M00500,E003,2025-11-26 17:00:00,2025-11-26 22:00:00,Preventive,Electrical Failure,5.0,33841
