VesselCallID,VesselID,BerthID,ArrivalTime,BerthingStartTime,DepartureTime,ContainersUnloaded,ContainersLoaded
VC00001,V017,B04,2026-01-17 02:00:00,2026-01-17 05:29:00,2026-01-18 09:29:00,1491,1148
VC00002,V029,B03,2026-03-29 03:00:00,2026-03-29 03:44:00,2026-03-29 14:44:00,465,593
VC00003,V014,B03,2025-02-22 05:00:00,2025-02-22 06:25:00,2025-02-23 09:25:00,742,943
VC00004,V029,B02,2026-11-30 06:00:00,2026-11-30 07:29:00,2026-12-01 03:29:00,621,140
VC00005,V030,B02,2026-08-19 08:00:00,2026-08-19 08:30:00,2026-08-20 08:30:00,845,933
VC00006,V011,B01,2025-04-06 12:00:00,2025-04-06 15:19:00,2025-04-07 18:19:00,715,1088
VC00007,V013,B03,2026-02-27 06:00:00,2026-02-27 09:59:00,2026-02-28 03:59:00,1235,310
VC00008,V013,B02,2025-09-19 22:00:00,2025-09-20 02:05:00,2025-09-21 07:05:00,1360,666
VC00009,V010,B02,2026-07-09 10:00:00,2026-07-09 10:30:00,2026-07-10 03:30:00,980,709
VC00010,V022,B02,2026-09-27 20:00:00,2026-09-28 00:16:00,2026-09-28 22:16:00,1146,1019
VC00011,V017,B03,2025-08-20 16:00:00,2025-08-20 17:13:00,2025-08-21 10:13:00,291,531
VC00012,V007,B02,2026-02-28 19:00:00,2026-02-28 21:25:00,2026-03-02 06:25:00,150,144
VC00013,V028,B01,2025-12-01 07:00:00,2025-12-01 11:33:00,2025-12-02 14:33:00,1032,898
VC00014,V013,B02,2025-09-23 11:00:00,2025-09-23 14:46:00,2025-09-24 13:46:00,402,61
VC00015,V006,B04,2025-05-26 12:00:00,2025-05-26 16:07:00,2025-05-27 07:07:00,202,1191
VC00016,V005,B04,2025-12-07 05:00:00,2025-12-07 06:32:00,2025-12-08 04:32:00,1467,1137
VC00017,V027,B04,2026-03-10 05:00:00,2026-03-10 09:16:00,2026-03-11 12:16:00,1222,963
VC00018,V009,B02,2025-08-06 07:00:00,2025-08-06 11:33:00,2025-08-07 09:33:00,1405,617
VC00019,V015,B01,2026-10-24 15:00:00,2026-10-24 17:32:00,2026-10-25 09:32:00,685,530
VC00020,V029,B01,2026-01-06 23:00:00,2026-01-07 02:21:00,2026-01-07 20:21:00,383,358
VC00021,V005,B02,2025-11-12 17:00:00,2025-11-12 20:46:00,2025-11-14 02:46:00,231,899
VC00022,V015,B04,2026-07-11 12:00:00,2026-07-11 15:19:00,2026-07-12 16:19:00,227,473
VC00023,V025,B01,2026-07-28 15:00:00,2026-07-28 18:49:00,2026-07-30 06:49:00,1279,829
VC00024,V010,B04,2026-10-14 05:00:00,2026-10-14 05:33:00,2026-10-15 00:33:00,958,1152
VC00025,V009,B04,2025-10-29 02:00:00,2025-10-29 06:39:00,2025-10-29 21:39:00,1094,109
VC00026,V022,B04,2026-06-15 22:00:00,2026-06-16 01:22:00,2026-06-17 06:22:00,438,1007
VC00027,V019,B01,2025-06-24 06:00:00,2025-06-24 06:43:00,2025-06-25 02:43:00,271,927
VC00028,V002,B03,2025-07-05 06:00:00,2025-07-05 10:26:00,2025-07-05 23:26:00,876,720
VC00029,V011,B04,2025-10-16 23:00:00,2025-10-17 03:22:00,2025-10-17 21:22:00,669,913
VC00030,V001,B01,2025-12-11 10:00:00,2025-12-11 11:11:00,2025-12-12 10:11:00,816,509
VC00031,V001,B02,2025-04-04 16:00:00,2025-04-04 16:50:00,2025-04-06 00:50:00,508,91
VC00032,V016,B01,2025-07-28 01:00:00,2025-07-28 03:32:00,2025-07-28 15:32:00,1255,496
VC00033,V012,B02,2026-09-27 22:00:00,2026-09-28 00:41:00,2026-09-29 08:41:00,1340,284
VC00034,V019,B01,2025-08-12 14:00:00,2025-08-12 17:09:00,2025-08-13 04:09:00,738,818
VC00035,V019,B02,2026-06-26 13:00:00,2026-06-26 15:11:00,2026-06-27 01:11:00,308,667
VC00036,V018,B04,2025-06-15 06:00:00,2025-06-15 06:51:00,2025-06-16 01:51:00,1454,808
VC00037,V011,B01,2025-04-05 03:00:00,2025-04-05 07:49:00,2025-04-06 11:49:00,960,1053
VC00038,V021,B04,2025-05-25 02:00:00,2025-05-25 06:11:00,2025-05-26 01:11:00,413,941
VC00039,V009,B04,2025-08-29 11:00:00,2025-08-29 15:57:00,2025-08-30 19:57:00,1052,942
VC00040,V008,B01,2026-01-02 10:00:00,2026-01-02 13:15:00,2026-01-04 00:15:00,671,973
VC00041,V020,B04,2025-11-29 22:00:00,2025-11-30 02:27:00,2025-12-01 04:27:00,788,108
VC00042,V016,B02,2026-11-06 21:00:00,2026-11-07 00:16:00,2026-11-07 13:16:00,826,579
VC00043,V020,B03,2026-04-10 16:00:00,2026-04-10 18:53:00,2026-04-12 06:53:00,1238,70
VC00044,V008,B04,2026-12-07 08:00:00,2026-12-07 10:07:00,2026-12-07 20:07:00,1100,1187
VC00045,V023,B04,2025-11-25 02:00:00,2025-11-25 06:33:00,2025-11-26 10:33:00,1017,85
VC00046,V013,B02,2025-05-08 01:00:00,2025-05-08 04:00:00,2025-05-08 19:00:00,727,805
VC00047,V024,B03,2026-10-09 03:00:00,2026-10-09 06:26:00,2026-10-10 03:26:00,820,979
VC00048,V008,B01,2026-01-05 21:00:00,2026-01-06 00:06:00,2026-01-06 16:06:00,494,696
VC00049,V007,B04,2025-06-13 05:00:00,2025-06-13 07:04:00,2025-06-13 21:04:00,666,1124
VC00050,V007,B03,2026-01-22 09:00:00,2026-01-22 10:21:00,2026-01-23 20:21:00,565,789
VC00051,V023,B02,2025-09-02 23:00:00,2025-09-03 02:04:00,2025-09-03 10:04:00,661,143
VC00052,V005,B04,2025-03-16 10:00:00,2025-03-16 12:59:00,2025-03-17 18:59:00,310,75
VC00053,V015,B03,2026-01-24 05:00:00,2026-01-24 09:30:00,2026-01-25 08:30:00,477,155
VC00054,V027,B01,2025-12-11 17:00:00,2025-12-11 21:34:00,2025-12-12 08:34:00,920,1057
VC00055,V005,B03,2025-04-12 03:00:00,2025-04-12 03:57:00,2025-04-12 15:57:00,274,558
VC00056,V020,B02,2025-06-11 17:00:00,2025-06-11 21:03:00,2025-06-13 00:03:00,1170,829
VC00057,V028,B04,2026-09-08 02:00:00,2026-09-08 06:16:00,2026-09-08 23:16:00,725,173
VC00058,V007,B03,2025-05-16 11:00:00,2025-05-16 13:16:00,2025-05-17 17:16:00,1452,216
VC00059,V018,B01,2025-08-03 10:00:00,2025-08-03 12:32:00,2025-08-04 01:32:00,420,55
VC00060,V020,B04,2026-07-12 18:00:00,2026-07-12 22:20:00,2026-07-14 04:20:00,696,116
VC00061,V010,B04,2025-11-13 01:00:00,2025-11-13 03:57:00,2025-11-14 09:57:00,245,528
VC00062,V004,B02,2025-12-28 04:00:00,2025-12-28 06:11:00,2025-12-29 03:11:00,1426,355
VC00063,V002,B02,2025-12-29 16:00:00,2025-12-29 17:42:00,2025-12-30 03:42:00,729,641
VC00064,V023,B03,2026-08-23 14:00:00,2026-08-23 15:33:00,2026-08-24 13:33:00,924,607
VC00065,V003,B01,2026-11-15 07:00:00,2026-11-15 11:42:00,2026-11-16 09:42:00,984,710
VC00066,V008,B01,2025-12-08 20:00:00,2025-12-08 20:43:00,2025-12-09 06:43:00,1476,601
VC00067,V017,B04,2025-02-24 22:00:00,2025-02-24 23:59:00,2025-02-25 22:59:00,669,421
VC00068,V016,B03,2026-08-19 03:00:00,2026-08-19 07:41:00,2026-08-19 17:41:00,936,732
VC00069,V006,B03,2026-03-15 08:00:00,2026-03-15 09:23:00,2026-03-16 20:23:00,943,1064
VC00070,V025,B01,2026-01-29 12:00:00,2026-01-29 15:55:00,2026-01-31 01:55:00,1031,230
VC00071,V004,B04,2026-03-06 10:00:00,2026-03-06 12:39:00,2026-03-07 06:39:00,1153,52
VC00072,V007,B03,2026-09-23 18:00:00,2026-09-23 22:01:00,2026-09-24 07:01:00,1375,1070
VC00073,V009,B02,2026-08-27 12:00:00,2026-08-27 12:56:00,2026-08-28 02:56:00,689,947
VC00074,V021,B02,2026-10-24 19:00:00,2026-10-24 20:32:00,2026-10-25 04:32:00,424,686
VC00075,V008,B01,2025-01-19 16:00:00,2025-01-19 19:58:00,2025-01-20 05:58:00,1045,290
VC00076,V010,B03,2025-07-30 05:00:00,2025-07-30 09:45:00,2025-07-31 15:45:00,950,1038
VC00077,V018,B02,2026-10-07 17:00:00,2026-10-07 19:34:00,2026-10-08 17:34:00,885,440
VC00078,V003,B03,2026-11-25 22:00:00,2026-11-25 23:39:00,2026-11-27 10:39:00,949,746
VC00079,V001,B03,2026-11-25 05:00:00,2026-11-25 07:46:00,2026-11-26 17:46:00,711,1052
VC00080,V016,B03,2025-07-22 21:00:00,2025-07-23 01:18:00,2025-07-24 02:18:00,780,1180
VC00081,V028,B02,2026-05-31 00:00:00,2026-05-31 04:23:00,2026-05-31 22:23:00,589,834
VC00082,V011,B04,2025-11-15 21:00:00,2025-11-16 01:00:00,2025-11-16 10:00:00,880,840
VC00083,V005,B03,2025-07-27 16:00:00,2025-07-27 20:43:00,2025-07-28 05:43:00,305,951
VC00084,V001,B02,2025-05-17 03:00:00,2025-05-17 07:59:00,2025-05-18 05:59:00,939,366
VC00085,V009,B03,2025-04-13 03:00:00,2025-04-13 07:30:00,2025-04-14 16:30:00,1376,864
VC00086,V022,B04,2025-04-20 15:00:00,2025-04-20 18:18:00,2025-04-22 05:18:00,748,1049
VC00087,V021,B03,2025-02-19 00:00:00,2025-02-19 01:05:00,2025-02-19 16:05:00,565,235
VC00088,V021,B01,2026-08-16 12:00:00,2026-08-16 13:20:00,2026-08-17 21:20:00,1008,390
VC00089,V011,B01,2026-02-13 20:00:00,2026-02-13 20:44:00,2026-02-14 05:44:00,700,784
VC00090,V008,B04,2026-05-27 18:00:00,2026-05-27 22:10:00,2026-05-28 10:10:00,1259,418
VC00091,V020,B04,2025-08-21 02:00:00,2025-08-21 03:59:00,2025-08-21 13:59:00,1369,543
VC00092,V015,B03,2026-11-11 11:00:00,2026-11-11 12:43:00,2026-11-12 03:43:00,1041,572
VC00093,V010,B02,2025-01-13 19:00:00,2025-01-13 23:28:00,2025-01-15 11:28:00,251,954
VC00094,V014,B03,2026-04-17 19:00:00,2026-04-17 22:03:00,2026-04-19 02:03:00,1035,668
VC00095,V016,B01,2025-09-29 23:00:00,2025-09-30 02:46:00,2025-10-01 13:46:00,585,831
VC00096,V010,B01,2026-05-06 02:00:00,2026-05-06 05:01:00,2026-05-07 11:01:00,1448,860
VC00097,V028,B01,2026-01-10 18:00:00,2026-01-10 18:34:00,2026-01-11 20:34:00,1341,1067
VC00098,V026,B03,2026-01-26 18:00:00,2026-01-26 20:27:00,2026-01-27 23:27:00,548,439
VC00099,V004,B01,2025-12-09 04:00:00,2025-12-09 05:40:00,2025-12-10 09:40:00,732,952
VC00100,V005,B01,2025-02-15 13:00:00,2025-02-15 16:36:00,2025-02-16 23:36:00,704,719
VC00101,V005,B03,2026-07-22 07:00:00,2026-07-22 08:59:00,2026-07-22 22:59:00,1187,1077
VC00102,V030,B04,2026-01-08 02:00:00,2026-01-08 03:54:00,2026-01-08 19:54:00,704,743
VC00103,V005,B02,2025-06-07 05:00:00,2025-06-07 09:29:00,2025-06-07 19:29:00,1485,863
VC00104,V013,B01,2026-05-15 09:00:00,2026-05-15 10:16:00,2026-05-16 19:16:00,641,1148
VC00105,V022,B03,2025-06-18 17:00:00,2025-06-18 21:22:00,2025-06-19 16:22:00,1297,830
VC00106,V008,B04,2026-05-23 04:00:00,2026-05-23 05:25:00,2026-05-24 10:25:00,151,1199
VC00107,V003,B04,2026-03-24 20:00:00,2026-03-24 22:23:00,2026-03-26 02:23:00,718,886
VC00108,V002,B03,2025-06-09 07:00:00,2025-06-09 08:41:00,2025-06-09 17:41:00,1108,287
VC00109,V018,B02,2025-05-13 16:00:00,2025-05-13 18:30:00,2025-05-15 06:30:00,895,979
VC00110,V024,B02,2026-05-22 13:00:00,2026-05-22 17:04:00,2026-05-23 19:04:00,949,252
VC00111,V002,B03,2026-10-31 02:00:00,2026-10-31 05:58:00,2026-10-31 21:58:00,544,958
VC00112,V012,B01,2026-08-31 03:00:00,2026-08-31 05:30:00,2026-09-01 16:30:00,852,1165
VC00113,V009,B02,2026-05-05 17:00:00,2026-05-05 18:01:00,2026-05-06 14:01:00,350,981
VC00114,V021,B01,2025-05-06 03:00:00,2025-05-06 05:18:00,2025-05-07 09:18:00,203,733
VC00115,V019,B02,2025-11-29 13:00:00,2025-11-29 14:34:00,2025-11-30 23:34:00,240,1185
VC00116,V028,B02,2025-10-10 20:00:00,2025-10-10 22:20:00,2025-10-12 08:20:00,772,352
VC00117,V005,B02,2025-01-04 20:00:00,2025-01-04 22:51:00,2025-01-06 09:51:00,1206,563
VC00118,V028,B01,2025-08-27 05:00:00,2025-08-27 06:26:00,2025-08-28 11:26:00,369,80
VC00119,V011,B01,2026-05-05 02:00:00,2026-05-05 04:31:00,2026-05-06 06:31:00,456,593
VC00120,V014,B01,2025-03-13 13:00:00,2025-03-13 14:34:00,2025-03-14 21:34:00,230,1025
VC00121,V019,B01,2026-09-05 01:00:00,2026-09-05 04:35:00,2026-09-06 04:35:00,1025,1081
VC00122,V026,B03,2025-10-30 11:00:00,2025-10-30 11:52:00,2025-10-31 18:52:00,1038,113
VC00123,V013,B04,2025-03-25 01:00:00,2025-03-25 05:35:00,2025-03-26 16:35:00,321,1054
VC00124,V003,B03,2026-08-29 14:00:00,2026-08-29 15:07:00,2026-08-31 03:07:00,1345,353
VC00125,V020,B03,2025-03-31 16:00:00,2025-03-31 17:34:00,2025-04-01 09:34:00,880,1136
VC00126,V020,B04,2026-02-07 15:00:00,2026-02-07 19:22:00,2026-02-08 19:22:00,303,284
VC00127,V029,B02,2025-10-21 13:00:00,2025-10-21 17:10:00,2025-10-22 15:10:00,947,744
VC00128,V024,B01,2026-09-12 04:00:00,2026-09-12 07:54:00,2026-09-13 04:54:00,740,924
VC00129,V005,B04,2026-03-03 16:00:00,2026-03-03 18:40:00,2026-03-04 13:40:00,237,236
VC00130,V004,B03,2025-04-27 13:00:00,2025-04-27 14:17:00,2025-04-28 11:17:00,366,1189
VC00131,V004,B04,2025-03-23 21:00:00,2025-03-24 00:18:00,2025-03-25 05:18:00,824,916
VC00132,V010,B03,2025-03-12 05:00:00,2025-03-12 07:57:00,2025-03-13 10:57:00,312,1089
VC00133,V016,B02,2025-10-18 11:00:00,2025-10-18 12:49:00,2025-10-19 17:49:00,321,767
VC00134,V009,B02,2026-05-17 20:00:00,2026-05-17 21:28:00,2026-05-19 05:28:00,978,1198
VC00135,V006,B03,2025-02-05 20:00:00,2025-02-05 22:46:00,2025-02-06 06:46:00,732,745
VC00136,V028,B02,2026-04-25 06:00:00,2026-04-25 06:33:00,2026-04-25 19:33:00,1259,870
VC00137,V021,B01,2025-04-06 00:00:00,2025-04-06 01:42:00,2025-04-07 08:42:00,287,1136
VC00138,V015,B03,2025-10-21 17:00:00,2025-10-21 20:42:00,2025-10-22 17:42:00,422,807
VC00139,V019,B01,2026-03-02 11:00:00,2026-03-02 14:16:00,2026-03-03 22:16:00,207,368
VC00140,V003,B03,2025-08-03 22:00:00,2025-08-03 22:55:00,2025-08-05 03:55:00,1007,918
VC00141,V009,B02,2026-10-26 02:00:00,2026-10-26 06:16:00,2026-10-27 03:16:00,1149,283
VC00142,V010,B04,2026-04-17 06:00:00,2026-04-17 10:10:00,2026-04-17 21:10:00,1179,681
VC00143,V020,B01,2025-03-04 00:00:00,2025-03-04 02:22:00,2025-03-04 22:22:00,115,468
VC00144,V005,B03,2026-02-16 12:00:00,2026-02-16 14:18:00,2026-02-17 22:18:00,692,721
VC00145,V024,B04,2025-06-13 19:00:00,2025-06-13 19:33:00,2025-06-14 18:33:00,459,314
VC00146,V018,B03,2026-06-04 02:00:00,2026-06-04 04:27:00,2026-06-05 04:27:00,247,863
VC00147,V015,B01,2025-02-27 18:00:00,2025-02-27 22:13:00,2025-02-28 06:13:00,741,929
VC00148,V004,B04,2026-07-07 04:00:00,2026-07-07 08:03:00,2026-07-08 01:03:00,142,715
VC00149,V023,B03,2025-08-23 15:00:00,2025-08-23 19:25:00,2025-08-25 05:25:00,280,944
VC00150,V019,B04,2025-05-25 12:00:00,2025-05-25 14:34:00,2025-05-26 11:34:00,1173,211
VC00151,V011,B02,2026-06-25 08:00:00,2026-06-25 11:08:00,2026-06-26 18:08:00,782,394
VC00152,V004,B02,2025-04-15 06:00:00,2025-04-15 10:51:00,2025-04-16 14:51:00,815,769
VC00153,V005,B03,2025-07-21 15:00:00,2025-07-21 17:30:00,2025-07-22 04:30:00,504,405
VC00154,V025,B04,2025-07-28 17:00:00,2025-07-28 18:08:00,2025-07-29 07:08:00,1050,969
VC00155,V015,B01,2026-03-18 06:00:00,2026-03-18 09:11:00,2026-03-18 21:11:00,1060,955
VC00156,V002,B03,2026-02-18 10:00:00,2026-02-18 12:50:00,2026-02-19 14:50:00,1139,201
VC00157,V002,B01,2026-02-28 19:00:00,2026-02-28 23:26:00,2026-03-01 21:26:00,855,637
VC00158,V020,B04,2025-04-15 18:00:00,2025-04-15 19:16:00,2025-04-16 22:16:00,1047,1185
VC00159,V019,B02,2025-02-26 00:00:00,2025-02-26 04:20:00,2025-02-27 13:20:00,758,1024
VC00160,V015,B01,2026-11-16 12:00:00,2026-11-16 13:47:00,2026-11-16 22:47:00,803,222
VC00161,V008,B04,2026-11-20 21:00:00,2026-11-20 22:58:00,2026-11-21 07:58:00,999,1123
VC00162,V030,B03,2025-08-05 17:00:00,2025-08-05 20:36:00,2025-08-06 15:36:00,893,887
VC00163,V021,B03,2026-04-07 23:00:00,2026-04-07 23:56:00,2026-04-09 08:56:00,234,725
VC00164,V009,B02,2025-05-10 00:00:00,2025-05-10 03:47:00,2025-05-10 20:47:00,782,216
VC00165,V021,B04,2025-07-13 02:00:00,2025-07-13 05:29:00,2025-07-13 22:29:00,364,223
VC00166,V026,B03,2026-02-27 16:00:00,2026-02-27 19:42:00,2026-02-28 23:42:00,361,1128
VC00167,V012,B01,2025-05-08 14:00:00,2025-05-08 18:06:00,2025-05-09 18:06:00,842,682
VC00168,V025,B04,2025-09-04 02:00:00,2025-09-04 04:19:00,2025-09-04 22:19:00,493,513
VC00169,V010,B01,2025-07-07 19:00:00,2025-07-07 20:49:00,2025-07-08 06:49:00,1139,1155
VC00170,V025,B02,2025-02-21 12:00:00,2025-02-21 15:22:00,2025-02-23 03:22:00,1323,821
VC00171,V027,B02,2025-07-30 14:00:00,2025-07-30 15:53:00,2025-07-31 04:53:00,996,139
VC00172,V024,B02,2026-07-15 23:00:00,2026-07-16 02:36:00,2026-07-17 07:36:00,1009,633
VC00173,V008,B03,2026-09-05 22:00:00,2026-09-06 00:29:00,2026-09-07 01:29:00,1060,447
VC00174,V025,B03,2026-05-18 05:00:00,2026-05-18 09:15:00,2026-05-19 07:15:00,882,1079
VC00175,V007,B02,2026-07-26 14:00:00,2026-07-26 15:52:00,2026-07-28 01:52:00,612,156
VC00176,V030,B01,2026-10-19 03:00:00,2026-10-19 06:40:00,2026-10-20 07:40:00,1156,305
VC00177,V006,B03,2026-01-25 04:00:00,2026-01-25 05:12:00,2026-01-26 13:12:00,1020,1101
VC00178,V030,B02,2025-07-21 04:00:00,2025-07-21 08:13:00,2025-07-21 18:13:00,1023,765
VC00179,V013,B03,2025-02-06 09:00:00,2025-02-06 13:02:00,2025-02-06 22:02:00,582,840
VC00180,V001,B03,2025-04-22 10:00:00,2025-04-22 13:41:00,2025-04-23 04:41:00,302,736
VC00181,V010,B04,2025-07-19 09:00:00,2025-07-19 10:40:00,2025-07-19 19:40:00,384,1010
VC00182,V003,B01,2026-09-05 11:00:00,2026-09-05 11:32:00,2026-09-06 23:32:00,624,491
VC00183,V004,B03,2025-07-24 03:00:00,2025-07-24 08:00:00,2025-07-25 05:00:00,586,666
VC00184,V014,B04,2025-06-16 08:00:00,2025-06-16 08:54:00,2025-06-16 23:54:00,228,277
VC00185,V017,B02,2026-11-14 10:00:00,2026-11-14 10:38:00,2026-11-15 14:38:00,394,646
VC00186,V012,B02,2026-08-10 01:00:00,2026-08-10 01:30:00,2026-08-11 04:30:00,1268,903
VC00187,V012,B01,2025-09-13 17:00:00,2025-09-13 18:13:00,2025-09-14 18:13:00,1177,1164
VC00188,V001,B04,2026-11-24 16:00:00,2026-11-24 20:49:00,2026-11-25 21:49:00,1062,139
VC00189,V024,B01,2026-06-13 05:00:00,2026-06-13 08:41:00,2026-06-14 00:41:00,831,188
VC00190,V022,B01,2026-04-16 18:00:00,2026-04-16 20:33:00,2026-04-18 03:33:00,1291,730
VC00191,V018,B03,2025-07-02 03:00:00,2025-07-02 03:52:00,2025-07-02 22:52:00,1416,408
VC00192,V006,B02,2026-09-27 08:00:00,2026-09-27 12:35:00,2026-09-28 16:35:00,229,987
VC00193,V002,B02,2025-02-20 11:00:00,2025-02-20 14:00:00,2025-02-21 04:00:00,185,696
VC00194,V027,B04,2026-02-28 08:00:00,2026-02-28 12:53:00,2026-03-01 08:53:00,618,124
VC00195,V028,B01,2025-09-18 22:00:00,2025-09-19 00:56:00,2025-09-19 19:56:00,1442,729
VC00196,V012,B04,2026-01-09 00:00:00,2026-01-09 01:33:00,2026-01-10 10:33:00,919,950
VC00197,V016,B04,2026-06-12 21:00:00,2026-06-13 00:23:00,2026-06-13 13:23:00,852,1113
VC00198,V014,B01,2025-12-31 03:00:00,2025-12-31 04:12:00,2026-01-01 11:12:00,981,419
VC00199,V003,B03,2026-02-06 02:00:00,2026-02-06 05:14:00,2026-02-06 16:14:00,1453,655
VC00200,V023,B04,2026-02-23 11:00:00,2026-02-23 15:18:00,2026-02-24 18:18:00,441,959
VC00201,V024,B03,2026-04-25 23:00:00,2026-04-26 03:18:00,2026-04-26 12:18:00,1359,940
VC00202,V022,B04,2026-01-10 20:00:00,2026-01-10 20:59:00,2026-01-11 06:59:00,844,1100
VC00203,V028,B04,2025-08-07 10:00:00,2025-08-07 10:45:00,2025-08-07 22:45:00,171,308
VC00204,V021,B03,2025-04-02 19:00:00,2025-04-02 21:30:00,2025-04-04 05:30:00,841,834
VC00205,V015,B03,2025-02-14 05:00:00,2025-02-14 06:48:00,2025-02-15 11:48:00,861,959
VC00206,V012,B04,2025-04-15 23:00:00,2025-04-16 00:40:00,2025-04-17 00:40:00,743,620
VC00207,V024,B02,2025-12-07 19:00:00,2025-12-07 20:28:00,2025-12-08 04:28:00,1122,1110
VC00208,V025,B03,2026-06-13 08:00:00,2026-06-13 09:30:00,2026-06-14 01:30:00,1013,489
VC00209,V004,B02,2026-01-25 21:00:00,2026-01-26 01:41:00,2026-01-26 15:41:00,251,975
VC00210,V026,B03,2025-08-24 17:00:00,2025-08-24 21:17:00,2025-08-25 07:17:00,1467,761
VC00211,V010,B02,2025-03-30 15:00:00,2025-03-30 17:58:00,2025-04-01 05:58:00,1406,406
VC00212,V004,B02,2026-05-09 13:00:00,2026-05-09 17:50:00,2026-05-10 08:50:00,384,534
VC00213,V018,B03,2026-11-06 12:00:00,2026-11-06 12:43:00,2026-11-07 07:43:00,1057,1179
VC00214,V010,B04,2025-06-27 04:00:00,2025-06-27 05:14:00,2025-06-27 15:14:00,1080,1126
VC00215,V019,B01,2026-07-15 20:00:00,2026-07-15 23:59:00,2026-07-17 09:59:00,356,699
VC00216,V022,B03,2025-04-12 06:00:00,2025-04-12 10:20:00,2025-04-13 08:20:00,362,1179
VC00217,V017,B01,2025-09-06 10:00:00,2025-09-06 11:36:00,2025-09-07 08:36:00,354,1111
VC00218,V006,B03,2025-07-28 22:00:00,2025-07-29 01:05:00,2025-07-29 14:05:00,561,758
VC00219,V007,B03,2026-01-23 19:00:00,2026-01-23 20:10:00,2026-01-24 12:10:00,356,670
VC00220,V006,B02,2025-05-08 13:00:00,2025-05-08 17:47:00,2025-05-09 21:47:00,450,741
VC00221,V002,B03,2025-02-26 05:00:00,2025-02-26 05:44:00,2025-02-26 15:44:00,1433,481
VC00222,V029,B03,2026-07-23 18:00:00,2026-07-23 18:45:00,2026-07-24 17:45:00,1414,668
VC00223,V026,B04,2026-10-22 09:00:00,2026-10-22 11:35:00,2026-10-23 20:35:00,709,978
VC00224,V015,B04,2025-04-10 15:00:00,2025-04-10 16:00:00,2025-04-11 05:00:00,1091,1001
VC00225,V005,B03,2025-10-06 13:00:00,2025-10-06 16:24:00,2025-10-07 19:24:00,753,757
VC00226,V012,B01,2026-06-29 09:00:00,2026-06-29 10:36:00,2026-06-30 18:36:00,753,545
VC00227,V015,B02,2026-09-29 21:00:00,2026-09-29 22:32:00,2026-09-30 14:32:00,388,248
VC00228,V028,B04,2025-03-11 02:00:00,2025-03-11 04:58:00,2025-03-12 00:58:00,608,377
VC00229,V025,B02,2026-03-24 01:00:00,2026-03-24 04:10:00,2026-03-24 18:10:00,1120,1104
VC00230,V010,B04,2026-09-30 08:00:00,2026-09-30 12:45:00,2026-10-02 00:45:00,147,234
VC00231,V008,B02,2026-06-21 21:00:00,2026-06-22 01:48:00,2026-06-22 23:48:00,1294,772
VC00232,V016,B04,2025-03-08 10:00:00,2025-03-08 10:55:00,2025-03-09 03:55:00,685,1149
VC00233,V005,B03,2025-01-12 03:00:00,2025-01-12 04:25:00,2025-01-13 01:25:00,849,875
VC00234,V002,B02,2026-05-15 15:00:00,2026-05-15 15:53:00,2026-05-16 11:53:00,842,1183
VC00235,V017,B04,2026-01-30 00:00:00,2026-01-30 01:07:00,2026-01-30 21:07:00,1226,622
VC00236,V013,B03,2025-06-12 05:00:00,2025-06-12 06:35:00,2025-06-12 17:35:00,794,1192
VC00237,V020,B04,2026-05-15 04:00:00,2026-05-15 05:43:00,2026-05-15 19:43:00,1124,132
VC00238,V023,B03,2025-03-03 20:00:00,2025-03-03 20:49:00,2025-03-04 08:49:00,1070,1113
VC00239,V029,B02,2026-09-16 22:00:00,2026-09-16 23:46:00,2026-09-18 02:46:00,771,702
VC00240,V024,B03,2025-08-10 20:00:00,2025-08-10 23:51:00,2025-08-12 02:51:00,1315,738
VC00241,V016,B03,2026-11-24 15:00:00,2026-11-24 19:50:00,2026-11-25 20:50:00,1072,84
VC00242,V004,B04,2026-05-18 22:00:00,2026-05-19 01:19:00,2026-05-20 06:19:00,1295,680
VC00243,V021,B02,2025-02-06 09:00:00,2025-02-06 13:32:00,2025-02-07 05:32:00,205,1033
VC00244,V024,B04,2025-08-21 19:00:00,2025-08-21 23:58:00,2025-08-23 03:58:00,402,546
VC00245,V001,B04,2025-02-13 02:00:00,2025-02-13 03:26:00,2025-02-13 17:26:00,742,907
VC00246,V007,B04,2025-07-26 18:00:00,2025-07-26 22:01:00,2025-07-28 04:01:00,1127,1015
VC00247,V007,B03,2025-03-27 00:00:00,2025-03-27 01:40:00,2025-03-28 01:40:00,1456,1029
VC00248,V015,B03,2026-05-30 11:00:00,2026-05-30 14:10:00,2026-05-31 03:10:00,1218,775
VC00249,V008,B03,2025-12-27 22:00:00,2025-12-28 02:37:00,2025-12-28 16:37:00,1242,661
VC00250,V010,B02,2025-11-04 00:00:00,2025-11-04 03:02:00,2025-11-05 11:02:00,1101,699
VC00251,V030,B03,2026-10-18 02:00:00,2026-10-18 05:28:00,2026-10-19 06:28:00,689,299
VC00252,V012,B02,2026-06-03 09:00:00,2026-06-03 12:52:00,2026-06-04 22:52:00,694,136
VC00253,V030,B04,2026-01-28 17:00:00,2026-01-28 18:10:00,2026-01-29 13:10:00,1443,575
VC00254,V027,B03,2026-10-17 02:00:00,2026-10-17 04:19:00,2026-10-17 18:19:00,1251,606
VC00255,V024,B02,2025-07-07 10:00:00,2025-07-07 11:25:00,2025-07-08 14:25:00,596,153
VC00256,V004,B04,2025-11-05 02:00:00,2025-11-05 04:29:00,2025-11-05 13:29:00,776,1017
VC00257,V018,B02,2025-05-18 06:00:00,2025-05-18 07:40:00,2025-05-18 15:40:00,933,1024
VC00258,V010,B03,2026-10-14 21:00:00,2026-10-14 23:12:00,2026-10-16 07:12:00,684,171
VC00259,V024,B01,2025-05-03 03:00:00,2025-05-03 05:28:00,2025-05-04 06:28:00,458,905
VC00260,V013,B04,2025-08-29 00:00:00,2025-08-29 00:48:00,2025-08-30 10:48:00,481,642
VC00261,V019,B01,2025-02-21 03:00:00,2025-02-21 03:34:00,2025-02-21 20:34:00,786,632
VC00262,V029,B02,2026-09-13 08:00:00,2026-09-13 12:58:00,2026-09-14 11:58:00,1132,1008
VC00263,V004,B03,2026-01-08 12:00:00,2026-01-08 14:08:00,2026-01-09 23:08:00,432,989
VC00264,V024,B03,2025-12-18 06:00:00,2025-12-18 08:05:00,2025-12-18 16:05:00,704,445
VC00265,V014,B03,2025-08-28 14:00:00,2025-08-28 17:57:00,2025-08-30 03:57:00,277,870
VC00266,V016,B03,2025-05-11 05:00:00,2025-05-11 07:04:00,2025-05-11 19:04:00,608,63
VC00267,V015,B03,2025-12-23 01:00:00,2025-12-23 04:46:00,2025-12-23 19:46:00,775,668
VC00268,V012,B02,2025-01-16 14:00:00,2025-01-16 16:43:00,2025-01-17 20:43:00,227,292
VC00269,V013,B03,2026-09-28 10:00:00,2026-09-28 13:07:00,2026-09-29 02:07:00,340,654
VC00270,V005,B04,2026-05-17 19:00:00,2026-05-17 21:23:00,2026-05-18 12:23:00,413,981
VC00271,V018,B04,2026-05-26 02:00:00,2026-05-26 06:02:00,2026-05-27 12:02:00,1200,497
VC00272,V015,B03,2025-12-04 20:00:00,2025-12-04 21:11:00,2025-12-05 21:11:00,259,279
VC00273,V019,B02,2025-03-26 07:00:00,2025-03-26 11:48:00,2025-03-27 01:48:00,436,721
VC00274,V007,B04,2026-08-27 06:00:00,2026-08-27 07:29:00,2026-08-28 12:29:00,286,1095
VC00275,V005,B04,2026-09-01 05:00:00,2026-09-01 05:58:00,2026-09-02 03:58:00,1035,168
VC00276,V001,B04,2026-09-24 07:00:00,2026-09-24 10:07:00,2026-09-25 17:07:00,621,56
VC00277,V014,B03,2025-10-25 12:00:00,2025-10-25 13:07:00,2025-10-25 22:07:00,230,1158
VC00278,V002,B03,2025-03-24 06:00:00,2025-03-24 07:05:00,2025-03-25 06:05:00,937,418
VC00279,V029,B04,2025-07-04 21:00:00,2025-07-05 01:05:00,2025-07-05 20:05:00,1018,823
VC00280,V022,B02,2026-05-28 21:00:00,2026-05-28 22:11:00,2026-05-30 03:11:00,1438,762
VC00281,V013,B02,2025-06-11 23:00:00,2025-06-12 01:01:00,2025-06-13 02:01:00,556,57
VC00282,V022,B04,2025-02-01 00:00:00,2025-02-01 03:02:00,2025-02-02 01:02:00,1189,826
VC00283,V012,B02,2025-11-10 13:00:00,2025-11-10 15:36:00,2025-11-11 13:36:00,664,436
VC00284,V022,B04,2025-06-04 01:00:00,2025-06-04 01:46:00,2025-06-05 10:46:00,1359,82
VC00285,V004,B01,2025-11-25 14:00:00,2025-11-25 16:15:00,2025-11-26 02:15:00,1014,149
VC00286,V015,B02,2025-12-01 03:00:00,2025-12-01 03:52:00,2025-12-01 23:52:00,1205,494
VC00287,V010,B02,2025-03-19 01:00:00,2025-03-19 02:41:00,2025-03-20 02:41:00,1279,703
VC00288,V029,B02,2026-03-14 19:00:00,2026-03-14 21:31:00,2026-03-15 14:31:00,1452,1117
VC00289,V009,B01,2025-10-29 19:00:00,2025-10-29 23:01:00,2025-10-30 16:01:00,1240,408
VC00290,V012,B04,2026-08-07 06:00:00,2026-08-07 10:43:00,2026-08-07 19:43:00,1174,702
VC00291,V010,B04,2026-07-23 10:00:00,2026-07-23 13:59:00,2026-07-24 01:59:00,476,1151
VC00292,V008,B03,2026-10-09 12:00:00,2026-10-09 14:33:00,2026-10-11 01:33:00,395,998
VC00293,V018,B02,2025-03-20 16:00:00,2025-03-20 20:01:00,2025-03-21 17:01:00,895,547
VC00294,V021,B01,2025-12-15 03:00:00,2025-12-15 05:14:00,2025-12-15 23:14:00,1021,809
VC00295,V009,B04,2025-05-07 05:00:00,2025-05-07 07:07:00,2025-05-07 16:07:00,1479,130
VC00296,V025,B02,2025-04-10 08:00:00,2025-04-10 10:06:00,2025-04-11 19:06:00,1081,477
VC00297,V007,B02,2026-03-31 14:00:00,2026-03-31 17:05:00,2026-04-01 01:05:00,340,1030
VC00298,V030,B02,2025-11-28 05:00:00,2025-11-28 07:14:00,2025-11-29 03:14:00,1230,708
VC00299,V018,B03,2026-01-22 11:00:00,2026-01-22 14:44:00,2026-01-23 12:44:00,731,585
VC00300,V016,B04,2026-05-07 00:00:00,2026-05-07 04:52:00,2026-05-08 16:52:00,301,1011
VC00301,V011,B04,2026-03-14 05:00:00,2026-03-14 07:14:00,2026-03-15 02:14:00,193,503
VC00302,V018,B04,2025-07-19 05:00:00,2025-07-19 05:38:00,2025-07-19 21:38:00,704,362
VC00303,V013,B02,2025-09-25 20:00:00,2025-09-25 23:18:00,2025-09-26 14:18:00,1122,1177
VC00304,V027,B04,2026-04-06 21:00:00,2026-04-06 23:41:00,2026-04-08 07:41:00,1414,1054
VC00305,V026,B03,2026-09-22 04:00:00,2026-09-22 05:56:00,2026-09-23 12:56:00,446,336
VC00306,V018,B01,2026-10-29 17:00:00,2026-10-29 19:04:00,2026-10-31 07:04:00,1173,119
VC00307,V001,B04,2025-04-12 11:00:00,2025-04-12 11:54:00,2025-04-13 19:54:00,381,523
VC00308,V007,B04,2025-04-03 19:00:00,2025-04-03 20:47:00,2025-04-04 04:47:00,864,173
VC00309,V001,B04,2026-10-22 17:00:00,2026-10-22 21:39:00,2026-10-23 05:39:00,124,84
VC00310,V017,B04,2026-01-11 02:00:00,2026-01-11 04:56:00,2026-01-11 12:56:00,467,269
VC00311,V008,B02,2025-05-12 12:00:00,2025-05-12 16:58:00,2025-05-13 04:58:00,1369,1128
VC00312,V026,B04,2025-12-11 15:00:00,2025-12-11 18:31:00,2025-12-12 10:31:00,261,814
VC00313,V008,B02,2026-07-09 08:00:00,2026-07-09 12:25:00,2026-07-10 14:25:00,714,215
VC00314,V013,B04,2025-02-13 06:00:00,2025-02-13 07:17:00,2025-02-14 03:17:00,1231,1024
VC00315,V006,B01,2025-03-18 14:00:00,2025-03-18 14:34:00,2025-03-19 20:34:00,1123,938
VC00316,V017,B01,2026-03-29 07:00:00,2026-03-29 08:18:00,2026-03-30 20:18:00,570,482
VC00317,V030,B01,2026-10-12 05:00:00,2026-10-12 07:48:00,2026-10-12 16:48:00,674,1162
VC00318,V011,B01,2025-02-14 22:00:00,2025-02-15 00:01:00,2025-02-16 11:01:00,524,345
VC00319,V006,B02,2026-06-28 19:00:00,2026-06-28 20:09:00,2026-06-29 13:09:00,1260,846
VC00320,V024,B02,2026-03-29 22:00:00,2026-03-30 01:46:00,2026-03-31 09:46:00,260,1075
VC00321,V014,B02,2026-04-18 05:00:00,2026-04-18 05:57:00,2026-04-18 16:57:00,255,747
VC00322,V021,B03,2026-06-26 15:00:00,2026-06-26 18:17:00,2026-06-27 02:17:00,1022,1054
VC00323,V013,B04,2025-11-08 11:00:00,2025-11-08 14:32:00,2025-11-09 15:32:00,480,828
VC00324,V008,B01,2025-04-28 00:00:00,2025-04-28 03:01:00,2025-04-29 12:01:00,268,598
VC00325,V026,B02,2025-07-30 13:00:00,2025-07-30 16:44:00,2025-07-31 22:44:00,897,698
VC00326,V001,B03,2026-05-08 11:00:00,2026-05-08 12:24:00,2026-05-08 22:24:00,1010,787
VC00327,V003,B02,2026-01-04 07:00:00,2026-01-04 08:22:00,2026-01-04 20:22:00,982,969
VC00328,V001,B01,2026-12-01 15:00:00,2026-12-01 18:58:00,2026-12-02 05:58:00,824,1185
VC00329,V013,B01,2025-05-08 01:00:00,2025-05-08 04:16:00,2025-05-09 15:16:00,697,897
VC00330,V029,B02,2026-06-14 11:00:00,2026-06-14 12:13:00,2026-06-15 19:13:00,1271,1117
VC00331,V005,B03,2025-08-20 12:00:00,2025-08-20 15:44:00,2025-08-21 04:44:00,716,599
VC00332,V006,B04,2026-11-05 06:00:00,2026-11-05 07:44:00,2026-11-05 17:44:00,665,912
VC00333,V003,B03,2026-02-14 06:00:00,2026-02-14 10:37:00,2026-02-15 19:37:00,615,555
VC00334,V004,B02,2026-11-08 22:00:00,2026-11-09 00:10:00,2026-11-09 22:10:00,723,63
VC00335,V020,B04,2026-06-25 06:00:00,2026-06-25 09:20:00,2026-06-26 19:20:00,774,951
VC00336,V027,B02,2026-04-03 00:00:00,2026-04-03 04:10:00,2026-04-04 14:10:00,715,706
VC00337,V006,B04,2025-10-02 05:00:00,2025-10-02 09:35:00,2025-10-03 03:35:00,753,646
VC00338,V013,B03,2026-11-02 09:00:00,2026-11-02 11:34:00,2026-11-03 05:34:00,904,797
VC00339,V018,B02,2025-06-05 11:00:00,2025-06-05 13:12:00,2025-06-06 15:12:00,1496,1176
VC00340,V007,B04,2025-02-06 17:00:00,2025-02-06 21:26:00,2025-02-08 03:26:00,696,191
VC00341,V021,B03,2026-07-13 14:00:00,2026-07-13 18:45:00,2026-07-14 06:45:00,595,567
VC00342,V013,B01,2025-07-30 10:00:00,2025-07-30 14:06:00,2025-07-31 23:06:00,1019,1031
VC00343,V023,B04,2026-07-02 05:00:00,2026-07-02 09:49:00,2026-07-03 20:49:00,1213,125
VC00344,V025,B02,2026-05-06 21:00:00,2026-05-06 22:13:00,2026-05-07 09:13:00,1446,777
VC00345,V021,B04,2025-08-16 02:00:00,2025-08-16 02:52:00,2025-08-17 04:52:00,779,931
VC00346,V009,B02,2025-05-25 15:00:00,2025-05-25 15:35:00,2025-05-26 02:35:00,1145,1112
VC00347,V013,B04,2025-10-29 18:00:00,2025-10-29 22:18:00,2025-10-30 17:18:00,1491,1074
VC00348,V016,B01,2025-07-25 19:00:00,2025-07-25 22:26:00,2025-07-26 06:26:00,705,901
VC00349,V024,B02,2025-04-28 05:00:00,2025-04-28 06:29:00,2025-04-29 16:29:00,813,688
VC00350,V007,B04,2026-04-14 09:00:00,2026-04-14 13:23:00,2026-04-15 22:23:00,813,1025
VC00351,V023,B04,2025-05-14 06:00:00,2025-05-14 10:14:00,2025-05-15 17:14:00,753,187
VC00352,V023,B01,2026-02-14 23:00:00,2026-02-14 23:52:00,2026-02-16 08:52:00,146,752
VC00353,V008,B02,2025-05-30 07:00:00,2025-05-30 08:54:00,2025-05-31 15:54:00,1230,377
VC00354,V008,B04,2026-03-28 21:00:00,2026-03-29 01:08:00,2026-03-29 23:08:00,1389,427
VC00355,V001,B02,2025-09-12 11:00:00,2025-09-12 15:11:00,2025-09-13 11:11:00,1020,929
VC00356,V007,B02,2026-06-15 21:00:00,2026-06-15 21:32:00,2026-06-17 03:32:00,670,178
VC00357,V011,B02,2025-05-19 22:00:00,2025-05-20 00:05:00,2025-05-20 19:05:00,1037,283
VC00358,V021,B03,2025-12-25 04:00:00,2025-12-25 08:40:00,2025-12-26 08:40:00,1322,845
VC00359,V012,B04,2026-06-20 22:00:00,2026-06-20 23:28:00,2026-06-21 18:28:00,1364,403
VC00360,V005,B03,2026-02-11 02:00:00,2026-02-11 03:13:00,2026-02-12 08:13:00,341,538
VC00361,V012,B02,2026-02-21 22:00:00,2026-02-21 23:29:00,2026-02-22 12:29:00,1146,845
VC00362,V013,B04,2026-07-26 00:00:00,2026-07-26 01:40:00,2026-07-27 03:40:00,480,1046
VC00363,V010,B02,2025-08-25 12:00:00,2025-08-25 13:55:00,2025-08-26 12:55:00,483,694
VC00364,V012,B01,2026-09-08 18:00:00,2026-09-08 18:57:00,2026-09-10 05:57:00,1092,329
VC00365,V017,B04,2025-09-24 09:00:00,2025-09-24 12:46:00,2025-09-25 13:46:00,937,1057
VC00366,V006,B01,2026-07-22 11:00:00,2026-07-22 15:17:00,2026-07-23 14:17:00,1257,113
VC00367,V009,B02,2025-10-29 02:00:00,2025-10-29 04:59:00,2025-10-29 13:59:00,1201,641
VC00368,V024,B04,2025-08-18 15:00:00,2025-08-18 19:24:00,2025-08-19 21:24:00,1225,1096
VC00369,V025,B03,2025-06-04 13:00:00,2025-06-04 14:28:00,2025-06-05 06:28:00,1210,135
VC00370,V004,B02,2026-08-26 14:00:00,2026-08-26 16:21:00,2026-08-27 13:21:00,709,116
VC00371,V028,B01,2026-09-07 00:00:00,2026-09-07 02:44:00,2026-09-07 21:44:00,999,290
VC00372,V024,B03,2025-11-20 12:00:00,2025-11-20 14:17:00,2025-11-21 23:17:00,1349,926
VC00373,V007,B02,2025-08-15 14:00:00,2025-08-15 15:41:00,2025-08-17 00:41:00,221,768
VC00374,V023,B03,2026-01-19 18:00:00,2026-01-19 19:56:00,2026-01-20 13:56:00,692,597
VC00375,V025,B04,2026-12-04 08:00:00,2026-12-04 09:18:00,2026-12-04 21:18:00,221,617
VC00376,V005,B03,2025-06-23 05:00:00,2025-06-23 06:37:00,2025-06-23 21:37:00,606,854
VC00377,V021,B03,2026-10-31 06:00:00,2026-10-31 07:42:00,2026-11-01 09:42:00,1385,898
VC00378,V021,B01,2026-05-28 05:00:00,2026-05-28 09:21:00,2026-05-28 19:21:00,925,1105
VC00379,V016,B03,2026-01-15 20:00:00,2026-01-15 23:38:00,2026-01-16 21:38:00,1291,55
VC00380,V022,B03,2025-05-08 04:00:00,2025-05-08 08:24:00,2025-05-09 12:24:00,229,1144
VC00381,V027,B02,2026-06-28 00:00:00,2026-06-28 02:21:00,2026-06-28 23:21:00,1113,599
VC00382,V018,B02,2026-03-17 19:00:00,2026-03-17 21:55:00,2026-03-18 15:55:00,1259,1043
VC00383,V004,B04,2026-04-15 07:00:00,2026-04-15 07:54:00,2026-04-15 16:54:00,133,304
VC00384,V001,B04,2025-08-04 16:00:00,2025-08-04 20:15:00,2025-08-05 18:15:00,514,320
VC00385,V030,B03,2026-02-17 03:00:00,2026-02-17 04:51:00,2026-02-18 15:51:00,291,788
VC00386,V022,B02,2025-12-08 20:00:00,2025-12-08 21:12:00,2025-12-09 16:12:00,206,861
VC00387,V021,B01,2026-02-22 02:00:00,2026-02-22 04:29:00,2026-02-23 01:29:00,294,52
VC00388,V005,B02,2025-10-19 09:00:00,2025-10-19 13:34:00,2025-10-19 23:34:00,1163,961
VC00389,V011,B01,2025-01-13 16:00:00,2025-01-13 16:34:00,2025-01-14 22:34:00,964,320
VC00390,V013,B01,2026-10-15 05:00:00,2026-10-15 06:06:00,2026-10-15 21:06:00,309,261
VC00391,V010,B02,2026-03-04 19:00:00,2026-03-04 22:38:00,2026-03-06 10:38:00,883,322
VC00392,V019,B01,2025-07-15 01:00:00,2025-07-15 02:05:00,2025-07-16 02:05:00,1349,386
VC00393,V007,B02,2026-08-24 21:00:00,2026-08-25 00:29:00,2026-08-26 07:29:00,943,956
VC00394,V004,B02,2025-10-24 14:00:00,2025-10-24 15:14:00,2025-10-26 03:14:00,352,836
VC00395,V026,B02,2026-04-25 23:00:00,2026-04-26 03:09:00,2026-04-26 21:09:00,607,617
VC00396,V020,B03,2025-04-26 00:00:00,2025-04-26 02:37:00,2025-04-27 03:37:00,154,667
VC00397,V017,B02,2025-10-08 12:00:00,2025-10-08 16:55:00,2025-10-09 19:55:00,902,655
VC00398,V013,B01,2025-03-16 12:00:00,2025-03-16 14:32:00,2025-03-17 13:32:00,593,1073
VC00399,V001,B03,2025-04-07 22:00:00,2025-04-08 03:00:00,2025-04-09 15:00:00,748,320
VC00400,V018,B02,2026-06-13 03:00:00,2026-06-13 07:05:00,2026-06-14 02:05:00,1064,199
VC00401,V009,B02,2025-01-23 18:00:00,2025-01-23 19:04:00,2025-01-24 03:04:00,181,173
VC00402,V021,B04,2026-06-28 08:00:00,2026-06-28 12:49:00,2026-06-29 05:49:00,967,873
VC00403,V003,B03,2025-04-23 12:00:00,2025-04-23 13:48:00,2025-04-24 05:48:00,261,1097
VC00404,V011,B04,2025-10-05 10:00:00,2025-10-05 11:49:00,2025-10-06 12:49:00,1301,185
VC00405,V028,B02,2026-02-28 11:00:00,2026-02-28 15:13:00,2026-03-01 22:13:00,218,550
VC00406,V015,B01,2025-04-28 17:00:00,2025-04-28 21:12:00,2025-04-29 08:12:00,733,409
VC00407,V005,B01,2025-06-13 01:00:00,2025-06-13 01:36:00,2025-06-14 07:36:00,435,1066
VC00408,V026,B03,2026-04-19 08:00:00,2026-04-19 12:57:00,2026-04-20 12:57:00,441,811
VC00409,V029,B01,2025-06-23 07:00:00,2025-06-23 09:47:00,2025-06-24 16:47:00,160,736
VC00410,V003,B03,2026-08-10 04:00:00,2026-08-10 06:49:00,2026-08-11 06:49:00,1280,207
VC00411,V012,B01,2026-11-09 09:00:00,2026-11-09 13:23:00,2026-11-10 13:23:00,1123,391
VC00412,V025,B01,2026-05-18 00:00:00,2026-05-18 01:50:00,2026-05-18 17:50:00,1275,286
VC00413,V002,B01,2025-11-08 20:00:00,2025-11-09 00:50:00,2025-11-09 08:50:00,600,144
VC00414,V030,B02,2026-10-07 02:00:00,2026-10-07 05:36:00,2026-10-08 01:36:00,466,122
VC00415,V008,B04,2026-07-27 13:00:00,2026-07-27 15:24:00,2026-07-28 09:24:00,755,605
VC00416,V017,B01,2025-04-17 08:00:00,2025-04-17 11:40:00,2025-04-17 22:40:00,467,507
VC00417,V003,B04,2026-12-06 04:00:00,2026-12-06 04:53:00,2026-12-07 00:53:00,678,686
VC00418,V015,B01,2026-03-23 20:00:00,2026-03-23 21:14:00,2026-03-24 22:14:00,855,460
VC00419,V020,B02,2026-02-03 02:00:00,2026-02-03 05:05:00,2026-02-04 12:05:00,1050,804
VC00420,V029,B02,2026-11-05 14:00:00,2026-11-05 16:10:00,2026-11-06 23:10:00,408,63
VC00421,V018,B03,2026-07-14 20:00:00,2026-07-14 20:42:00,2026-07-15 11:42:00,1402,69
VC00422,V022,B04,2026-04-03 09:00:00,2026-04-03 09:30:00,2026-04-04 17:30:00,729,262
VC00423,V016,B01,2025-10-08 03:00:00,2025-10-08 05:31:00,2025-10-09 02:31:00,391,623
VC00424,V029,B04,2025-05-08 00:00:00,2025-05-08 00:52:00,2025-05-08 15:52:00,862,988
VC00425,V005,B04,2025-04-26 22:00:00,2025-04-26 23:18:00,2025-04-27 23:18:00,253,177
VC00426,V010,B03,2026-08-17 21:00:00,2026-08-17 22:36:00,2026-08-18 13:36:00,745,854
VC00427,V009,B02,2026-03-22 10:00:00,2026-03-22 13:12:00,2026-03-23 11:12:00,252,465
VC00428,V004,B02,2025-07-05 20:00:00,2025-07-05 21:25:00,2025-07-06 09:25:00,1020,1004
VC00429,V018,B03,2026-03-05 18:00:00,2026-03-05 21:58:00,2026-03-06 08:58:00,525,975
VC00430,V028,B01,2026-02-25 22:00:00,2026-02-26 02:27:00,2026-02-26 18:27:00,285,372
VC00431,V027,B03,2026-02-20 08:00:00,2026-02-20 08:50:00,2026-02-20 22:50:00,403,236
VC00432,V017,B01,2025-12-05 21:00:00,2025-12-06 00:32:00,2025-12-06 20:32:00,1486,662
VC00433,V013,B04,2025-12-22 05:00:00,2025-12-22 06:59:00,2025-12-22 14:59:00,1238,1176
VC00434,V004,B02,2025-12-08 03:00:00,2025-12-08 04:18:00,2025-12-09 02:18:00,348,74
VC00435,V007,B04,2025-03-26 04:00:00,2025-03-26 06:23:00,2025-03-26 18:23:00,862,222
VC00436,V003,B02,2025-12-20 09:00:00,2025-12-20 10:08:00,2025-12-20 18:08:00,1422,958
VC00437,V028,B03,2025-06-25 20:00:00,2025-06-25 21:17:00,2025-06-27 09:17:00,350,137
VC00438,V030,B04,2026-09-22 09:00:00,2026-09-22 09:55:00,2026-09-22 22:55:00,908,1066
VC00439,V014,B02,2025-02-10 06:00:00,2025-02-10 09:45:00,2025-02-11 14:45:00,824,489
VC00440,V015,B02,2025-09-13 12:00:00,2025-09-13 14:50:00,2025-09-14 06:50:00,170,553
VC00441,V029,B04,2026-02-07 22:00:00,2026-02-08 02:45:00,2026-02-08 23:45:00,224,229
VC00442,V014,B02,2026-01-17 23:00:00,2026-01-18 02:46:00,2026-01-18 14:46:00,1416,1126
VC00443,V026,B03,2025-12-07 04:00:00,2025-12-07 04:39:00,2025-12-08 00:39:00,1082,1165
VC00444,V017,B03,2026-10-24 17:00:00,2026-10-24 20:26:00,2026-10-25 22:26:00,895,603
VC00445,V020,B02,2025-09-03 12:00:00,2025-09-03 12:43:00,2025-09-04 06:43:00,160,625
VC00446,V012,B02,2025-03-21 23:00:00,2025-03-22 03:31:00,2025-03-23 03:31:00,426,255
VC00447,V018,B01,2025-12-05 09:00:00,2025-12-05 11:33:00,2025-12-06 03:33:00,549,845
VC00448,V008,B03,2026-04-30 10:00:00,2026-04-30 11:58:00,2026-05-01 00:58:00,834,107
VC00449,V007,B04,2026-04-26 03:00:00,2026-04-26 04:42:00,2026-04-27 06:42:00,1210,682
VC00450,V003,B01,2025-08-28 16:00:00,2025-08-28 20:41:00,2025-08-29 05:41:00,576,498
VC00451,V001,B03,2025-01-28 05:00:00,2025-01-28 09:59:00,2025-01-29 08:59:00,1357,462
VC00452,V006,B03,2025-06-28 03:00:00,2025-06-28 06:24:00,2025-06-29 12:24:00,221,94
VC00453,V004,B03,2025-07-21 16:00:00,2025-07-21 17:42:00,2025-07-23 01:42:00,248,815
VC00454,V010,B03,2026-06-25 02:00:00,2026-06-25 03:21:00,2026-06-25 21:21:00,379,372
VC00455,V011,B02,2026-08-20 11:00:00,2026-08-20 15:39:00,2026-08-21 19:39:00,1250,780
VC00456,V010,B03,2025-11-01 19:00:00,2025-11-01 20:59:00,2025-11-02 16:59:00,360,413
VC00457,V025,B01,2025-01-03 10:00:00,2025-01-03 13:50:00,2025-01-05 00:50:00,472,701
VC00458,V005,B03,2025-10-29 14:00:00,2025-10-29 15:23:00,2025-10-30 14:23:00,259,537
VC00459,V021,B01,2026-04-19 12:00:00,2026-04-19 15:13:00,2026-04-20 04:13:00,1472,737
VC00460,V007,B02,2026-09-02 19:00:00,2026-09-02 19:35:00,2026-09-03 11:35:00,238,767
VC00461,V001,B01,2025-12-17 10:00:00,2025-12-17 11:25:00,2025-12-18 18:25:00,890,947
VC00462,V014,B04,2026-07-27 23:00:00,2026-07-28 00:55:00,2026-07-29 12:55:00,875,769
VC00463,V016,B02,2026-05-28 11:00:00,2026-05-28 12:21:00,2026-05-29 22:21:00,433,974
VC00464,V001,B03,2025-04-11 15:00:00,2025-04-11 15:47:00,2025-04-12 08:47:00,634,264
VC00465,V029,B04,2025-04-12 07:00:00,2025-04-12 10:25:00,2025-04-12 23:25:00,429,203
VC00466,V020,B04,2025-05-08 02:00:00,2025-05-08 05:23:00,2025-05-09 08:23:00,163,933
VC00467,V002,B01,2025-08-14 06:00:00,2025-08-14 10:12:00,2025-08-14 23:12:00,778,470
VC00468,V018,B03,2025-09-17 09:00:00,2025-09-17 12:59:00,2025-09-18 18:59:00,1452,626
VC00469,V002,B04,2026-02-11 01:00:00,2026-02-11 03:31:00,2026-02-11 14:31:00,1270,1175
VC00470,V012,B01,2026-11-02 07:00:00,2026-11-02 08:48:00,2026-11-02 17:48:00,975,229
VC00471,V004,B01,2026-02-07 03:00:00,2026-02-07 07:35:00,2026-02-07 21:35:00,523,399
VC00472,V028,B01,2026-02-03 10:00:00,2026-02-03 11:11:00,2026-02-04 10:11:00,731,864
VC00473,V022,B03,2026-10-05 23:00:00,2026-10-06 03:40:00,2026-10-07 15:40:00,286,1164
VC00474,V029,B04,2026-06-14 02:00:00,2026-06-14 04:04:00,2026-06-14 23:04:00,856,432
VC00475,V015,B04,2026-09-01 15:00:00,2026-09-01 15:52:00,2026-09-02 07:52:00,639,513
VC00476,V025,B01,2026-01-02 16:00:00,2026-01-02 17:01:00,2026-01-03 05:01:00,275,754
VC00477,V002,B04,2026-07-20 05:00:00,2026-07-20 07:26:00,2026-07-21 08:26:00,1170,907
VC00478,V010,B01,2026-10-11 07:00:00,2026-10-11 09:30:00,2026-10-12 08:30:00,908,121
VC00479,V019,B02,2026-11-17 12:00:00,2026-11-17 16:54:00,2026-11-19 01:54:00,346,969
VC00480,V026,B02,2025-08-25 00:00:00,2025-08-25 01:55:00,2025-08-25 15:55:00,358,137
VC00481,V014,B02,2026-08-02 01:00:00,2026-08-02 02:10:00,2026-08-03 07:10:00,1384,352
VC00482,V030,B01,2025-12-19 02:00:00,2025-12-19 05:13:00,2025-12-20 12:13:00,278,844
VC00483,V009,B04,2026-06-27 12:00:00,2026-06-27 15:16:00,2026-06-29 02:16:00,125,1120
VC00484,V005,B02,2026-07-27 21:00:00,2026-07-27 22:27:00,2026-07-28 19:27:00,1260,255
VC00485,V010,B03,2025-05-25 05:00:00,2025-05-25 06:21:00,2025-05-26 15:21:00,941,590
VC00486,V020,B04,2026-06-07 23:00:00,2026-06-08 03:38:00,2026-06-09 05:38:00,176,402
VC00487,V020,B04,2026-01-12 00:00:00,2026-01-12 03:56:00,2026-01-12 15:56:00,179,860
VC00488,V024,B04,2026-03-29 14:00:00,2026-03-29 16:31:00,2026-03-30 01:31:00,650,812
VC00489,V026,B03,2025-01-28 14:00:00,2025-01-28 17:22:00,2025-01-30 03:22:00,736,624
VC00490,V008,B02,2026-11-03 05:00:00,2026-11-03 06:20:00,2026-11-04 17:20:00,715,957
VC00491,V014,B01,2026-03-15 02:00:00,2026-03-15 04:47:00,2026-03-16 11:47:00,484,954
VC00492,V016,B03,2025-10-16 14:00:00,2025-10-16 17:58:00,2025-10-18 00:58:00,215,1105
VC00493,V023,B04,2025-08-06 01:00:00,2025-08-06 02:03:00,2025-08-06 19:03:00,377,1123
VC00494,V029,B02,2025-02-09 12:00:00,2025-02-09 13:58:00,2025-02-10 03:58:00,218,560
VC00495,V030,B03,2025-02-15 03:00:00,2025-02-15 07:23:00,2025-02-15 16:23:00,507,611
VC00496,V013,B01,2026-05-18 22:00:00,2026-05-19 02:27:00,2026-05-20 02:27:00,1495,112
VC00497,V020,B04,2025-11-27 07:00:00,2025-11-27 10:40:00,2025-11-28 09:40:00,463,1021
VC00498,V027,B03,2026-04-23 12:00:00,2026-04-23 15:26:00,2026-04-24 04:26:00,285,633
VC00499,V006,B02,2025-02-07 11:00:00,2025-02-07 14:47:00,2025-02-07 23:47:00,553,511
VC00500,V014,B01,2025-10-10 06:00:00,2025-10-10 08:47:00,2025-10-11 12:47:00,1497,68
VC00501,V006,B01,2026-10-10 07:00:00,2026-10-10 08:37:00,2026-10-11 12:37:00,558,566
VC00502,V029,B04,2026-02-22 01:00:00,2026-02-22 03:50:00,2026-02-23 00:50:00,814,990
VC00503,V010,B04,2025-12-11 01:00:00,2025-12-11 03:21:00,2025-12-12 01:21:00,1297,259
VC00504,V027,B03,2025-01-11 00:00:00,2025-01-11 04:51:00,2025-01-12 09:51:00,1249,628
VC00505,V003,B03,2026-02-12 12:00:00,2026-02-12 13:25:00,2026-02-13 12:25:00,666,715
VC00506,V023,B03,2026-01-14 00:00:00,2026-01-14 02:43:00,2026-01-15 06:43:00,485,357
VC00507,V002,B04,2026-12-08 06:00:00,2026-12-08 08:33:00,2026-12-09 20:33:00,1452,704
VC00508,V016,B03,2025-07-11 01:00:00,2025-07-11 01:43:00,2025-07-12 05:43:00,631,907
VC00509,V002,B02,2026-07-07 09:00:00,2026-07-07 12:48:00,2026-07-08 19:48:00,802,505
VC00510,V010,B02,2026-10-12 12:00:00,2026-10-12 15:33:00,2026-10-13 15:33:00,1446,1193
VC00511,V016,B02,2025-09-05 07:00:00,2025-09-05 10:00:00,2025-09-05 21:00:00,629,1194
VC00512,V003,B02,2025-09-07 22:00:00,2025-09-08 01:21:00,2025-09-09 05:21:00,827,507
VC00513,V029,B03,2026-02-24 06:00:00,2026-02-24 10:05:00,2026-02-25 19:05:00,861,583
VC00514,V004,B04,2026-02-06 11:00:00,2026-02-06 15:27:00,2026-02-08 02:27:00,209,195
VC00515,V004,B04,2026-10-07 17:00:00,2026-10-07 19:09:00,2026-10-08 19:09:00,1185,661
VC00516,V028,B02,2026-07-19 00:00:00,2026-07-19 00:57:00,2026-07-20 11:57:00,381,460
VC00517,V029,B04,2026-04-13 20:00:00,2026-04-13 23:59:00,2026-04-15 01:59:00,393,697
VC00518,V011,B02,2025-09-04 05:00:00,2025-09-04 06:11:00,2025-09-05 05:11:00,741,168
VC00519,V007,B02,2025-01-07 10:00:00,2025-01-07 14:21:00,2025-01-08 06:21:00,1280,374
VC00520,V020,B04,2026-10-31 10:00:00,2026-10-31 11:15:00,2026-10-31 23:15:00,1397,929
VC00521,V013,B01,2026-07-05 18:00:00,2026-07-05 22:09:00,2026-07-06 21:09:00,177,1143
VC00522,V029,B03,2025-09-30 06:00:00,2025-09-30 09:41:00,2025-09-30 17:41:00,1187,440
VC00523,V024,B02,2025-01-25 11:00:00,2025-01-25 11:32:00,2025-01-26 15:32:00,563,755
VC00524,V013,B03,2026-03-03 02:00:00,2026-03-03 03:36:00,2026-03-03 14:36:00,442,183
VC00525,V015,B03,2025-03-04 10:00:00,2025-03-04 13:02:00,2025-03-05 06:02:00,988,324
VC00526,V025,B02,2026-04-13 22:00:00,2026-04-14 02:40:00,2026-04-14 21:40:00,437,876
VC00527,V024,B02,2025-01-27 02:00:00,2025-01-27 04:26:00,2025-01-27 19:26:00,532,94
VC00528,V012,B01,2026-11-20 23:00:00,2026-11-21 00:56:00,2026-11-21 11:56:00,868,573
VC00529,V004,B01,2025-03-08 08:00:00,2025-03-08 08:54:00,2025-03-09 13:54:00,198,287
VC00530,V004,B03,2026-07-24 00:00:00,2026-07-24 04:17:00,2026-07-25 00:17:00,1071,363
VC00531,V014,B01,2025-10-08 13:00:00,2025-10-08 13:34:00,2025-10-09 06:34:00,1456,1115
VC00532,V027,B01,2026-01-04 14:00:00,2026-01-04 15:40:00,2026-01-05 12:40:00,1147,291
VC00533,V004,B04,2026-01-21 23:00:00,2026-01-22 00:28:00,2026-01-23 09:28:00,506,459
VC00534,V012,B04,2025-12-26 01:00:00,2025-12-26 05:57:00,2025-12-26 19:57:00,704,378
VC00535,V023,B04,2025-02-23 19:00:00,2025-02-23 23:44:00,2025-02-24 13:44:00,777,530
VC00536,V003,B01,2025-01-04 17:00:00,2025-01-04 17:36:00,2025-01-05 22:36:00,1275,1061
VC00537,V017,B01,2025-07-23 15:00:00,2025-07-23 16:16:00,2025-07-25 00:16:00,307,574
VC00538,V009,B04,2025-11-12 14:00:00,2025-11-12 18:23:00,2025-11-13 11:23:00,202,254
VC00539,V010,B03,2025-08-27 12:00:00,2025-08-27 12:50:00,2025-08-28 23:50:00,1486,690
VC00540,V028,B01,2026-08-05 15:00:00,2026-08-05 16:29:00,2026-08-06 03:29:00,119,333
VC00541,V029,B04,2025-08-21 19:00:00,2025-08-21 22:18:00,2025-08-22 17:18:00,1373,599
VC00542,V011,B02,2025-05-07 21:00:00,2025-05-08 00:40:00,2025-05-09 10:40:00,333,870
VC00543,V027,B04,2026-07-01 11:00:00,2026-07-01 15:23:00,2026-07-02 07:23:00,1079,913
VC00544,V023,B01,2025-08-16 17:00:00,2025-08-16 18:27:00,2025-08-17 06:27:00,426,262
VC00545,V019,B04,2026-07-23 00:00:00,2026-07-23 04:37:00,2026-07-24 13:37:00,471,827
VC00546,V022,B02,2026-05-05 14:00:00,2026-05-05 14:44:00,2026-05-07 01:44:00,1089,1049
VC00547,V002,B01,2025-06-04 04:00:00,2025-06-04 08:00:00,2025-06-05 06:00:00,635,693
VC00548,V024,B02,2025-01-17 21:00:00,2025-01-18 01:58:00,2025-01-19 09:58:00,1471,742
VC00549,V024,B02,2025-05-11 00:00:00,2025-05-11 04:11:00,2025-05-12 09:11:00,1086,758
VC00550,V027,B01,2026-06-10 11:00:00,2026-06-10 12:46:00,2026-06-11 22:46:00,123,371
VC00551,V016,B02,2026-11-22 06:00:00,2026-11-22 10:30:00,2026-11-23 21:30:00,253,1056
VC00552,V009,B01,2026-03-14 18:00:00,2026-03-14 20:33:00,2026-03-15 14:33:00,1138,506
VC00553,V008,B01,2026-06-01 23:00:00,2026-06-02 02:56:00,2026-06-03 12:56:00,1040,959
VC00554,V016,B04,2026-09-04 19:00:00,2026-09-04 20:15:00,2026-09-06 07:15:00,747,293
VC00555,V013,B04,2026-11-11 01:00:00,2026-11-11 01:39:00,2026-11-11 12:39:00,173,1191
VC00556,V020,B03,2025-01-01 05:00:00,2025-01-01 06:16:00,2025-01-02 15:16:00,1141,473
VC00557,V027,B01,2026-09-15 21:00:00,2026-09-16 00:24:00,2026-09-16 19:24:00,556,980
VC00558,V022,B03,2026-03-30 06:00:00,2026-03-30 10:32:00,2026-03-31 16:32:00,1026,283
VC00559,V011,B03,2025-05-14 00:00:00,2025-05-14 02:23:00,2025-05-14 10:23:00,1397,647
VC00560,V029,B02,2026-05-26 11:00:00,2026-05-26 12:24:00,2026-05-26 21:24:00,1108,337
VC00561,V020,B02,2026-07-13 17:00:00,2026-07-13 18:24:00,2026-07-14 10:24:00,484,297
VC00562,V027,B02,2026-06-21 10:00:00,2026-06-21 12:20:00,2026-06-22 10:20:00,792,270
VC00563,V027,B01,2026-07-20 21:00:00,2026-07-20 21:53:00,2026-07-22 01:53:00,1022,986
VC00564,V001,B01,2026-11-20 09:00:00,2026-11-20 10:38:00,2026-11-21 09:38:00,1233,936
VC00565,V030,B02,2026-10-22 08:00:00,2026-10-22 12:50:00,2026-10-23 20:50:00,1284,405
VC00566,V022,B03,2025-06-25 06:00:00,2025-06-25 07:23:00,2025-06-26 03:23:00,1132,837
VC00567,V013,B03,2026-07-26 14:00:00,2026-07-26 16:37:00,2026-07-27 08:37:00,702,977
VC00568,V020,B03,2025-07-02 02:00:00,2025-07-02 03:40:00,2025-07-03 00:40:00,1221,692
VC00569,V020,B03,2025-10-24 17:00:00,2025-10-24 19:12:00,2025-10-25 09:12:00,807,321
VC00570,V023,B03,2025-08-31 18:00:00,2025-08-31 22:47:00,2025-09-01 23:47:00,336,771
VC00571,V024,B03,2026-10-18 20:00:00,2026-10-19 00:03:00,2026-10-20 05:03:00,965,76
VC00572,V005,B01,2025-05-26 08:00:00,2025-05-26 08:42:00,2025-05-27 04:42:00,1472,165
VC00573,V026,B02,2025-09-30 22:00:00,2025-10-01 00:46:00,2025-10-02 08:46:00,686,563
VC00574,V026,B03,2025-07-19 22:00:00,2025-07-19 23:01:00,2025-07-21 05:01:00,517,1158
VC00575,V015,B01,2025-02-14 02:00:00,2025-02-14 05:33:00,2025-02-15 15:33:00,1361,1200
VC00576,V017,B03,2025-11-03 06:00:00,2025-11-03 09:49:00,2025-11-04 00:49:00,1460,146
VC00577,V026,B03,2026-06-05 23:00:00,2026-06-06 02:48:00,2026-06-06 23:48:00,1230,160
VC00578,V020,B04,2025-01-18 16:00:00,2025-01-18 18:38:00,2025-01-19 08:38:00,561,803
VC00579,V015,B02,2025-09-26 05:00:00,2025-09-26 07:09:00,2025-09-27 00:09:00,1498,202
VC00580,V017,B01,2025-09-13 06:00:00,2025-09-13 07:58:00,2025-09-14 14:58:00,872,133
VC00581,V009,B02,2026-08-09 01:00:00,2026-08-09 03:52:00,2026-08-10 04:52:00,429,572
VC00582,V023,B02,2025-01-08 16:00:00,2025-01-08 19:19:00,2025-01-09 17:19:00,181,364
VC00583,V030,B03,2026-03-17 11:00:00,2026-03-17 11:56:00,2026-03-18 19:56:00,1104,1176
VC00584,V023,B03,2026-05-04 21:00:00,2026-05-04 22:07:00,2026-05-06 07:07:00,1176,500
VC00585,V026,B02,2025-09-09 01:00:00,2025-09-09 05:56:00,2025-09-09 15:56:00,951,1162
VC00586,V008,B02,2026-07-05 19:00:00,2026-07-05 20:17:00,2026-07-06 15:17:00,1458,729
VC00587,V007,B04,2026-03-29 00:00:00,2026-03-29 03:34:00,2026-03-29 20:34:00,1249,68
VC00588,V008,B02,2025-06-06 15:00:00,2025-06-06 18:27:00,2025-06-07 16:27:00,181,707
VC00589,V009,B03,2026-06-05 16:00:00,2026-06-05 17:28:00,2026-06-06 13:28:00,150,1108
VC00590,V017,B04,2026-05-27 22:00:00,2026-05-28 02:53:00,2026-05-29 11:53:00,1096,139
VC00591,V017,B01,2026-02-09 17:00:00,2026-02-09 19:08:00,2026-02-10 13:08:00,296,392
VC00592,V022,B02,2025-01-11 00:00:00,2025-01-11 01:03:00,2025-01-11 15:03:00,968,262
VC00593,V027,B01,2025-10-08 16:00:00,2025-10-08 20:12:00,2025-10-10 00:12:00,414,98
VC00594,V003,B01,2026-09-19 23:00:00,2026-09-20 02:19:00,2026-09-20 11:19:00,211,414
VC00595,V027,B02,2025-12-10 22:00:00,2025-12-10 23:06:00,2025-12-12 01:06:00,629,884
VC00596,V013,B04,2026-06-14 19:00:00,2026-06-14 23:20:00,2026-06-16 03:20:00,747,84
VC00597,V001,B01,2026-06-16 19:00:00,2026-06-16 20:30:00,2026-06-17 21:30:00,1299,143
VC00598,V004,B03,2025-04-10 02:00:00,2025-04-10 05:33:00,2025-04-11 05:33:00,717,227
VC00599,V013,B01,2026-01-20 08:00:00,2026-01-20 12:14:00,2026-01-21 08:14:00,1070,370
VC00600,V013,B03,2025-10-28 04:00:00,2025-10-28 05:39:00,2025-10-29 12:39:00,1398,345
VC00601,V018,B02,2026-02-11 22:00:00,2026-02-12 01:41:00,2026-02-12 09:41:00,352,135
VC00602,V018,B01,2025-01-07 20:00:00,2025-01-07 23:51:00,2025-01-09 00:51:00,724,480
VC00603,V029,B02,2026-04-15 11:00:00,2026-04-15 13:18:00,2026-04-16 10:18:00,429,426
VC00604,V004,B02,2025-10-29 10:00:00,2025-10-29 12:39:00,2025-10-30 02:39:00,1474,161
VC00605,V022,B01,2026-09-22 18:00:00,2026-09-22 19:07:00,2026-09-23 12:07:00,613,251
VC00606,V012,B02,2025-09-27 12:00:00,2025-09-27 16:39:00,2025-09-28 10:39:00,1474,530
VC00607,V003,B02,2025-05-17 14:00:00,2025-05-17 16:55:00,2025-05-18 19:55:00,750,1045
VC00608,V022,B03,2026-09-08 06:00:00,2026-09-08 09:18:00,2026-09-09 12:18:00,1296,362
VC00609,V006,B01,2026-05-13 15:00:00,2026-05-13 18:11:00,2026-05-14 15:11:00,741,554
VC00610,V027,B03,2025-10-30 10:00:00,2025-10-30 14:13:00,2025-10-31 06:13:00,375,729
VC00611,V012,B03,2026-10-18 07:00:00,2026-10-18 11:26:00,2026-10-19 09:26:00,1097,1179
VC00612,V020,B01,2025-05-29 14:00:00,2025-05-29 15:59:00,2025-05-30 19:59:00,674,336
VC00613,V029,B01,2025-09-26 04:00:00,2025-09-26 06:44:00,2025-09-27 13:44:00,254,88
VC00614,V019,B04,2026-11-24 11:00:00,2026-11-24 11:45:00,2026-11-25 21:45:00,1308,485
VC00615,V029,B04,2025-02-20 01:00:00,2025-02-20 03:43:00,2025-02-21 04:43:00,1439,354
VC00616,V029,B03,2026-05-15 11:00:00,2026-05-15 14:50:00,2026-05-16 05:50:00,374,1001
VC00617,V013,B03,2026-11-16 04:00:00,2026-11-16 08:51:00,2026-11-16 18:51:00,1128,71
VC00618,V017,B02,2025-11-23 03:00:00,2025-11-23 04:54:00,2025-11-24 12:54:00,1013,376
VC00619,V024,B04,2025-09-02 14:00:00,2025-09-02 15:44:00,2025-09-03 22:44:00,834,132
VC00620,V003,B03,2025-10-26 18:00:00,2025-10-26 22:39:00,2025-10-27 13:39:00,856,529
VC00621,V030,B03,2025-02-28 10:00:00,2025-02-28 12:15:00,2025-03-01 12:15:00,894,1011
VC00622,V021,B03,2026-09-13 17:00:00,2026-09-13 17:53:00,2026-09-14 02:53:00,311,1117
VC00623,V018,B02,2026-01-09 09:00:00,2026-01-09 11:44:00,2026-01-10 13:44:00,871,825
VC00624,V009,B04,2026-05-14 18:00:00,2026-05-14 19:09:00,2026-05-15 19:09:00,556,1107
VC00625,V028,B03,2026-07-09 02:00:00,2026-07-09 05:30:00,2026-07-10 15:30:00,1097,1037
VC00626,V005,B04,2025-01-10 00:00:00,2025-01-10 04:46:00,2025-01-11 16:46:00,439,521
VC00627,V009,B02,2025-04-16 06:00:00,2025-04-16 10:53:00,2025-04-17 14:53:00,407,432
VC00628,V023,B01,2025-08-03 20:00:00,2025-08-03 23:35:00,2025-08-05 02:35:00,1453,521
VC00629,V004,B04,2026-07-21 02:00:00,2026-07-21 05:19:00,2026-07-22 12:19:00,1482,1030
VC00630,V006,B04,2026-10-17 00:00:00,2026-10-17 02:17:00,2026-10-18 04:17:00,145,549
VC00631,V019,B02,2025-02-28 21:00:00,2025-02-28 22:35:00,2025-03-02 00:35:00,375,1099
VC00632,V006,B03,2025-02-23 12:00:00,2025-02-23 13:45:00,2025-02-23 22:45:00,468,1108
VC00633,V024,B03,2026-07-08 13:00:00,2026-07-08 13:39:00,2026-07-10 01:39:00,275,493
VC00634,V016,B02,2026-09-06 07:00:00,2026-09-06 11:31:00,2026-09-07 22:31:00,549,891
VC00635,V022,B03,2025-07-14 20:00:00,2025-07-14 22:03:00,2025-07-16 01:03:00,443,751
VC00636,V013,B04,2026-09-12 03:00:00,2026-09-12 04:05:00,2026-09-12 19:05:00,370,272
VC00637,V028,B04,2025-01-23 14:00:00,2025-01-23 16:13:00,2025-01-24 16:13:00,406,247
VC00638,V020,B01,2025-08-31 05:00:00,2025-08-31 09:33:00,2025-09-01 21:33:00,1188,1080
VC00639,V022,B02,2025-06-10 10:00:00,2025-06-10 11:17:00,2025-06-11 10:17:00,1335,1154
VC00640,V014,B03,2025-01-02 15:00:00,2025-01-02 19:10:00,2025-01-03 19:10:00,188,1135
VC00641,V016,B04,2026-08-09 16:00:00,2026-08-09 18:27:00,2026-08-11 03:27:00,817,250
VC00642,V016,B02,2026-08-04 22:00:00,2026-08-04 23:38:00,2026-08-05 15:38:00,271,630
VC00643,V001,B01,2026-07-12 22:00:00,2026-07-13 00:41:00,2026-07-13 14:41:00,1283,1120
VC00644,V013,B02,2025-06-10 21:00:00,2025-06-11 01:56:00,2025-06-11 09:56:00,746,887
VC00645,V014,B03,2026-05-10 14:00:00,2026-05-10 15:24:00,2026-05-11 03:24:00,635,1147
VC00646,V009,B04,2026-08-02 07:00:00,2026-08-02 10:37:00,2026-08-03 13:37:00,517,896
VC00647,V018,B04,2026-10-21 17:00:00,2026-10-21 19:01:00,2026-10-22 14:01:00,619,678
VC00648,V005,B01,2026-04-16 03:00:00,2026-04-16 06:53:00,2026-04-17 13:53:00,570,964
VC00649,V017,B04,2025-08-09 21:00:00,2025-08-09 22:21:00,2025-08-10 12:21:00,793,1177
VC00650,V021,B01,2025-03-13 01:00:00,2025-03-13 02:52:00,2025-03-13 22:52:00,286,347
VC00651,V003,B03,2026-10-06 23:00:00,2026-10-07 03:12:00,2026-10-07 13:12:00,554,809
VC00652,V013,B04,2025-04-20 06:00:00,2025-04-20 06:49:00,2025-04-21 13:49:00,1357,1117
VC00653,V027,B02,2026-01-27 03:00:00,2026-01-27 03:59:00,2026-01-28 11:59:00,1411,1062
VC00654,V028,B03,2026-08-23 08:00:00,2026-08-23 08:35:00,2026-08-23 22:35:00,498,118
VC00655,V008,B02,2026-11-29 01:00:00,2026-11-29 05:54:00,2026-11-30 11:54:00,1480,123
VC00656,V001,B02,2026-05-07 03:00:00,2026-05-07 05:32:00,2026-05-08 09:32:00,277,615
VC00657,V013,B04,2026-06-30 08:00:00,2026-06-30 11:30:00,2026-07-01 16:30:00,1300,460
VC00658,V023,B01,2026-12-08 21:00:00,2026-12-08 21:37:00,2026-12-10 04:37:00,284,1175
VC00659,V027,B03,2026-01-24 10:00:00,2026-01-24 13:28:00,2026-01-25 08:28:00,563,448
VC00660,V001,B03,2026-09-13 21:00:00,2026-09-14 00:56:00,2026-09-15 02:56:00,458,883
VC00661,V003,B03,2026-11-23 04:00:00,2026-11-23 05:24:00,2026-11-24 06:24:00,796,289
VC00662,V018,B03,2026-12-02 19:00:00,2026-12-02 21:41:00,2026-12-04 09:41:00,1006,822
VC00663,V011,B04,2026-10-23 07:00:00,2026-10-23 09:34:00,2026-10-24 17:34:00,1495,993
VC00664,V009,B01,2025-02-07 08:00:00,2025-02-07 12:36:00,2025-02-07 23:36:00,883,501
VC00665,V012,B01,2025-11-10 22:00:00,2025-11-11 01:11:00,2025-11-11 22:11:00,639,558
VC00666,V022,B03,2026-01-28 05:00:00,2026-01-28 06:17:00,2026-01-29 02:17:00,255,1185
VC00667,V012,B02,2025-09-01 16:00:00,2025-09-01 20:33:00,2025-09-02 14:33:00,1274,601
VC00668,V024,B02,2025-09-07 13:00:00,2025-09-07 15:07:00,2025-09-08 14:07:00,580,545
VC00669,V007,B02,2025-12-29 08:00:00,2025-12-29 10:15:00,2025-12-30 01:15:00,1366,779
VC00670,V030,B01,2025-08-01 23:00:00,2025-08-02 00:24:00,2025-08-02 11:24:00,1484,1058
VC00671,V016,B03,2025-01-10 01:00:00,2025-01-10 01:51:00,2025-01-11 12:51:00,1371,695
VC00672,V006,B03,2026-11-04 05:00:00,2026-11-04 07:50:00,2026-11-05 06:50:00,914,504
VC00673,V026,B04,2025-06-25 02:00:00,2025-06-25 02:57:00,2025-06-26 02:57:00,1079,1157
VC00674,V013,B02,2025-02-14 11:00:00,2025-02-14 15:47:00,2025-02-15 10:47:00,1036,296
VC00675,V023,B01,2026-12-09 12:00:00,2026-12-09 16:25:00,2026-12-10 10:25:00,124,481
VC00676,V012,B03,2026-06-03 01:00:00,2026-06-03 02:21:00,2026-06-03 20:21:00,483,1173
VC00677,V016,B03,2025-12-25 21:00:00,2025-12-25 23:31:00,2025-12-26 15:31:00,849,426
VC00678,V014,B03,2026-11-12 23:00:00,2026-11-13 03:07:00,2026-11-13 17:07:00,847,870
VC00679,V019,B02,2026-01-17 18:00:00,2026-01-17 22:20:00,2026-01-18 11:20:00,1279,518
VC00680,V008,B04,2025-05-17 08:00:00,2025-05-17 10:48:00,2025-05-18 19:48:00,880,451
VC00681,V026,B01,2025-07-19 03:00:00,2025-07-19 04:46:00,2025-07-20 03:46:00,461,913
VC00682,V028,B03,2026-11-14 02:00:00,2026-11-14 03:38:00,2026-11-15 15:38:00,1096,664
VC00683,V004,B02,2025-12-09 15:00:00,2025-12-09 15:54:00,2025-12-10 11:54:00,222,491
VC00684,V021,B01,2025-12-14 04:00:00,2025-12-14 08:33:00,2025-12-15 18:33:00,1021,735
VC00685,V018,B03,2025-12-21 16:00:00,2025-12-21 19:34:00,2025-12-22 14:34:00,804,90
VC00686,V028,B02,2026-07-17 04:00:00,2026-07-17 05:32:00,2026-07-18 00:32:00,1281,1152
VC00687,V011,B04,2025-08-27 07:00:00,2025-08-27 09:55:00,2025-08-28 04:55:00,1015,210
VC00688,V021,B02,2026-06-05 06:00:00,2026-06-05 08:56:00,2026-06-06 06:56:00,443,740
VC00689,V030,B01,2026-07-30 22:00:00,2026-07-31 01:57:00,2026-08-01 12:57:00,262,381
VC00690,V011,B03,2026-04-15 03:00:00,2026-04-15 05:26:00,2026-04-15 23:26:00,647,859
VC00691,V028,B03,2026-01-06 08:00:00,2026-01-06 12:17:00,2026-01-07 20:17:00,1302,1116
VC00692,V006,B01,2026-09-07 19:00:00,2026-09-07 23:01:00,2026-09-08 12:01:00,356,530
VC00693,V006,B04,2025-12-10 13:00:00,2025-12-10 14:10:00,2025-12-11 04:10:00,310,245
VC00694,V002,B01,2025-03-29 02:00:00,2025-03-29 06:32:00,2025-03-30 07:32:00,913,1123
VC00695,V020,B02,2025-04-24 15:00:00,2025-04-24 16:23:00,2025-04-25 08:23:00,272,848
VC00696,V024,B03,2026-02-27 09:00:00,2026-02-27 11:27:00,2026-02-28 02:27:00,1007,308
VC00697,V006,B01,2025-06-29 05:00:00,2025-06-29 09:59:00,2025-06-30 19:59:00,171,780
VC00698,V028,B03,2026-03-21 00:00:00,2026-03-21 04:33:00,2026-03-22 02:33:00,1223,961
VC00699,V020,B04,2025-07-04 11:00:00,2025-07-04 13:00:00,2025-07-05 15:00:00,1392,940
VC00700,V018,B02,2026-02-27 18:00:00,2026-02-27 21:27:00,2026-02-28 20:27:00,283,954
VC00701,V009,B02,2026-02-25 08:00:00,2026-02-25 11:37:00,2026-02-26 08:37:00,721,71
VC00702,V025,B02,2025-01-01 03:00:00,2025-01-01 07:57:00,2025-01-02 17:57:00,804,637
VC00703,V030,B04,2026-10-03 14:00:00,2026-10-03 14:34:00,2026-10-04 20:34:00,1077,663
VC00704,V010,B02,2025-01-13 11:00:00,2025-01-13 15:10:00,2025-01-15 00:10:00,114,1172
VC00705,V029,B04,2026-05-26 03:00:00,2026-05-26 05:06:00,2026-05-27 02:06:00,908,561
VC00706,V013,B02,2025-08-11 22:00:00,2025-08-12 01:49:00,2025-08-13 11:49:00,638,212
VC00707,V025,B03,2026-07-31 11:00:00,2026-07-31 13:32:00,2026-08-01 13:32:00,683,1139
VC00708,V028,B01,2026-01-03 00:00:00,2026-01-03 04:01:00,2026-01-03 18:01:00,473,329
VC00709,V015,B04,2026-01-31 09:00:00,2026-01-31 10:26:00,2026-02-01 14:26:00,657,1057
VC00710,V005,B01,2025-09-14 09:00:00,2025-09-14 12:14:00,2025-09-14 20:14:00,1195,95
VC00711,V009,B02,2025-09-11 20:00:00,2025-09-11 21:22:00,2025-09-12 14:22:00,997,66
VC00712,V001,B04,2025-11-14 20:00:00,2025-11-14 21:16:00,2025-11-15 09:16:00,544,750
VC00713,V026,B04,2026-07-28 18:00:00,2026-07-28 21:09:00,2026-07-30 06:09:00,860,999
VC00714,V027,B02,2025-02-13 07:00:00,2025-02-13 10:19:00,2025-02-13 20:19:00,214,595
VC00715,V016,B02,2026-06-20 18:00:00,2026-06-20 19:06:00,2026-06-21 20:06:00,493,562
VC00716,V025,B02,2026-06-05 23:00:00,2026-06-05 23:36:00,2026-06-06 10:36:00,888,957
VC00717,V015,B01,2025-12-04 11:00:00,2025-12-04 11:47:00,2025-12-05 01:47:00,1167,476
VC00718,V010,B03,2026-10-08 13:00:00,2026-10-08 16:49:00,2026-10-09 21:49:00,424,136
VC00719,V021,B03,2025-06-16 18:00:00,2025-06-16 20:39:00,2025-06-17 19:39:00,506,788
VC00720,V008,B04,2025-03-13 02:00:00,2025-03-13 04:21:00,2025-03-13 15:21:00,764,80
VC00721,V004,B04,2025-08-17 12:00:00,2025-08-17 14:51:00,2025-08-18 16:51:00,597,68
VC00722,V020,B02,2025-02-27 08:00:00,2025-02-27 12:33:00,2025-02-28 18:33:00,860,233
VC00723,V003,B03,2025-12-06 14:00:00,2025-12-06 15:50:00,2025-12-07 14:50:00,1380,172
VC00724,V005,B01,2025-03-23 14:00:00,2025-03-23 17:32:00,2025-03-24 21:32:00,357,1049
VC00725,V026,B03,2025-11-14 16:00:00,2025-11-14 19:12:00,2025-11-15 20:12:00,998,445
VC00726,V024,B02,2025-01-30 03:00:00,2025-01-30 06:43:00,2025-01-31 01:43:00,613,130
VC00727,V010,B04,2026-10-25 14:00:00,2026-10-25 18:14:00,2026-10-26 19:14:00,488,432
VC00728,V015,B03,2026-04-20 16:00:00,2026-04-20 19:15:00,2026-04-22 02:15:00,1326,1185
VC00729,V005,B04,2025-08-07 22:00:00,2025-08-07 23:05:00,2025-08-08 23:05:00,705,589
VC00730,V025,B04,2026-05-17 05:00:00,2026-05-17 09:22:00,2026-05-17 17:22:00,479,88
VC00731,V024,B01,2026-05-13 02:00:00,2026-05-13 04:32:00,2026-05-13 22:32:00,1448,1153
VC00732,V022,B04,2026-06-14 01:00:00,2026-06-14 03:07:00,2026-06-15 03:07:00,1229,365
VC00733,V021,B03,2026-01-22 13:00:00,2026-01-22 16:15:00,2026-01-23 13:15:00,326,247
VC00734,V005,B02,2025-04-02 00:00:00,2025-04-02 00:52:00,2025-04-03 10:52:00,164,463
VC00735,V004,B01,2025-05-27 03:00:00,2025-05-27 07:38:00,2025-05-27 21:38:00,1269,845
VC00736,V023,B03,2026-10-31 21:00:00,2026-11-01 01:59:00,2026-11-02 04:59:00,200,800
VC00737,V030,B02,2025-10-29 08:00:00,2025-10-29 09:06:00,2025-10-29 17:06:00,1442,1056
VC00738,V021,B01,2025-04-20 04:00:00,2025-04-20 08:29:00,2025-04-21 17:29:00,839,1192
VC00739,V023,B01,2026-07-22 21:00:00,2026-07-23 00:38:00,2026-07-24 09:38:00,1363,594
VC00740,V010,B01,2025-02-25 12:00:00,2025-02-25 13:06:00,2025-02-26 23:06:00,542,1113
VC00741,V008,B04,2025-05-13 14:00:00,2025-05-13 15:21:00,2025-05-14 22:21:00,488,445
VC00742,V024,B04,2025-12-06 15:00:00,2025-12-06 17:01:00,2025-12-07 18:01:00,316,783
VC00743,V004,B02,2026-09-19 07:00:00,2026-09-19 11:08:00,2026-09-20 23:08:00,469,1176
VC00744,V022,B02,2026-07-03 06:00:00,2026-07-03 10:48:00,2026-07-04 04:48:00,1193,957
VC00745,V011,B03,2026-04-27 00:00:00,2026-04-27 03:11:00,2026-04-28 04:11:00,944,931
VC00746,V018,B02,2026-03-18 14:00:00,2026-03-18 16:33:00,2026-03-19 18:33:00,868,1176
VC00747,V015,B04,2025-12-13 21:00:00,2025-12-14 00:34:00,2025-12-14 22:34:00,100,120
VC00748,V005,B03,2026-01-24 09:00:00,2026-01-24 09:38:00,2026-01-25 09:38:00,113,665
VC00749,V011,B01,2025-10-30 22:00:00,2025-10-31 00:19:00,2025-11-01 11:19:00,665,1183
VC00750,V002,B04,2026-11-30 01:00:00,2026-11-30 02:49:00,2026-11-30 13:49:00,828,369
VC00751,V029,B02,2025-07-08 23:00:00,2025-07-09 01:45:00,2025-07-09 20:45:00,577,574
VC00752,V013,B02,2026-02-15 00:00:00,2026-02-15 01:17:00,2026-02-16 03:17:00,258,714
VC00753,V027,B01,2026-10-21 19:00:00,2026-10-21 20:58:00,2026-10-22 19:58:00,1319,665
VC00754,V025,B01,2025-02-21 00:00:00,2025-02-21 03:45:00,2025-02-21 13:45:00,784,762
VC00755,V004,B02,2026-08-16 23:00:00,2026-08-17 03:03:00,2026-08-18 14:03:00,1436,73
VC00756,V017,B01,2026-06-07 05:00:00,2026-06-07 05:57:00,2026-06-07 22:57:00,753,1155
VC00757,V023,B02,2025-07-24 05:00:00,2025-07-24 08:17:00,2025-07-25 08:17:00,413,153
VC00758,V020,B01,2026-06-21 09:00:00,2026-06-21 13:18:00,2026-06-22 21:18:00,554,934
VC00759,V005,B03,2026-01-31 15:00:00,2026-01-31 18:51:00,2026-02-01 06:51:00,269,1024
VC00760,V003,B04,2025-03-09 07:00:00,2025-03-09 10:54:00,2025-03-10 02:54:00,1127,939
VC00761,V018,B02,2025-06-28 00:00:00,2025-06-28 01:39:00,2025-06-29 00:39:00,1099,859
VC00762,V008,B01,2025-09-25 17:00:00,2025-09-25 21:58:00,2025-09-26 12:58:00,645,930
VC00763,V022,B04,2026-03-18 13:00:00,2026-03-18 14:15:00,2026-03-19 01:15:00,967,798
VC00764,V012,B01,2026-04-21 13:00:00,2026-04-21 15:07:00,2026-04-22 09:07:00,724,396
VC00765,V005,B04,2026-04-23 11:00:00,2026-04-23 15:16:00,2026-04-24 18:16:00,191,528
VC00766,V025,B01,2025-09-30 15:00:00,2025-09-30 18:41:00,2025-10-01 06:41:00,330,161
VC00767,V027,B03,2025-11-28 20:00:00,2025-11-28 21:45:00,2025-11-30 08:45:00,128,753
VC00768,V016,B01,2025-06-01 22:00:00,2025-06-02 01:06:00,2025-06-02 23:06:00,779,478
VC00769,V017,B03,2025-10-17 06:00:00,2025-10-17 08:14:00,2025-10-18 09:14:00,1223,1039
VC00770,V019,B01,2025-07-12 23:00:00,2025-07-12 23:39:00,2025-07-13 19:39:00,623,398
VC00771,V026,B03,2025-03-24 01:00:00,2025-03-24 03:55:00,2025-03-24 17:55:00,208,1002
VC00772,V022,B03,2025-01-12 09:00:00,2025-01-12 10:04:00,2025-01-13 06:04:00,1457,787
VC00773,V028,B04,2025-05-28 07:00:00,2025-05-28 07:39:00,2025-05-29 00:39:00,573,829
VC00774,V011,B04,2026-11-26 07:00:00,2026-11-26 08:20:00,2026-11-27 20:20:00,1322,1138
VC00775,V017,B04,2025-05-01 04:00:00,2025-05-01 06:05:00,2025-05-01 20:05:00,1248,94
VC00776,V010,B03,2025-02-24 06:00:00,2025-02-24 08:36:00,2025-02-25 08:36:00,1103,855
VC00777,V022,B03,2025-08-03 08:00:00,2025-08-03 08:39:00,2025-08-04 03:39:00,827,669
VC00778,V026,B01,2025-11-19 11:00:00,2025-11-19 15:46:00,2025-11-20 07:46:00,1381,577
VC00779,V009,B02,2026-06-13 14:00:00,2026-06-13 14:45:00,2026-06-14 15:45:00,410,749
VC00780,V024,B04,2026-06-21 08:00:00,2026-06-21 09:40:00,2026-06-21 19:40:00,1166,515
VC00781,V005,B04,2026-07-24 19:00:00,2026-07-24 21:33:00,2026-07-25 23:33:00,739,724
VC00782,V021,B02,2026-09-06 06:00:00,2026-09-06 07:37:00,2026-09-06 21:37:00,1289,1158
VC00783,V023,B02,2025-10-04 05:00:00,2025-10-04 06:40:00,2025-10-04 23:40:00,980,347
VC00784,V018,B01,2025-08-04 18:00:00,2025-08-04 21:12:00,2025-08-05 07:12:00,477,700
VC00785,V011,B04,2025-07-18 16:00:00,2025-07-18 16:45:00,2025-07-20 00:45:00,942,671
VC00786,V025,B02,2026-08-28 20:00:00,2026-08-28 22:50:00,2026-08-29 10:50:00,318,319
VC00787,V020,B03,2025-09-10 05:00:00,2025-09-10 05:43:00,2025-09-11 13:43:00,1340,522
VC00788,V001,B03,2025-11-14 00:00:00,2025-11-14 02:28:00,2025-11-15 07:28:00,262,1026
VC00789,V020,B04,2025-07-03 01:00:00,2025-07-03 05:47:00,2025-07-04 16:47:00,1430,815
VC00790,V016,B02,2025-09-09 04:00:00,2025-09-09 07:48:00,2025-09-10 06:48:00,435,445
VC00791,V025,B01,2025-11-05 22:00:00,2025-11-05 22:46:00,2025-11-06 19:46:00,652,895
VC00792,V007,B01,2025-10-31 20:00:00,2025-10-31 22:13:00,2025-11-02 06:13:00,462,949
VC00793,V015,B02,2026-10-31 22:00:00,2026-11-01 01:16:00,2026-11-02 12:16:00,975,879
VC00794,V011,B04,2025-02-27 02:00:00,2025-02-27 05:44:00,2025-02-28 12:44:00,1352,1148
VC00795,V015,B04,2025-02-22 13:00:00,2025-02-22 17:56:00,2025-02-23 04:56:00,186,553
VC00796,V002,B04,2026-12-10 04:00:00,2026-12-10 07:52:00,2026-12-11 14:52:00,1157,150
VC00797,V013,B03,2025-09-17 05:00:00,2025-09-17 07:59:00,2025-09-18 05:59:00,685,994
VC00798,V020,B01,2025-08-16 07:00:00,2025-08-16 11:06:00,2025-08-17 04:06:00,1158,341
VC00799,V024,B01,2026-09-25 22:00:00,2026-09-26 02:21:00,2026-09-26 12:21:00,468,1169
VC00800,V011,B04,2025-07-04 17:00:00,2025-07-04 20:51:00,2025-07-05 17:51:00,151,416
VC00801,V015,B01,2026-09-12 10:00:00,2026-09-12 12:13:00,2026-09-14 00:13:00,612,713
VC00802,V004,B04,2025-08-12 21:00:00,2025-08-12 22:33:00,2025-08-13 08:33:00,1398,793
VC00803,V013,B02,2025-04-27 11:00:00,2025-04-27 15:58:00,2025-04-28 21:58:00,875,1177
VC00804,V006,B03,2026-06-04 15:00:00,2026-06-04 15:52:00,2026-06-05 23:52:00,1258,357
VC00805,V025,B01,2025-08-10 08:00:00,2025-08-10 09:44:00,2025-08-10 22:44:00,959,680
VC00806,V021,B02,2026-02-27 14:00:00,2026-02-27 18:18:00,2026-02-28 11:18:00,340,319
VC00807,V025,B03,2025-10-04 23:00:00,2025-10-04 23:31:00,2025-10-06 02:31:00,125,989
VC00808,V026,B01,2026-11-11 10:00:00,2026-11-11 14:45:00,2026-11-12 15:45:00,1345,1060
VC00809,V022,B04,2025-11-21 18:00:00,2025-11-21 20:21:00,2025-11-22 22:21:00,1029,889
VC00810,V020,B01,2026-08-27 07:00:00,2026-08-27 08:10:00,2026-08-28 11:10:00,601,1170
VC00811,V006,B02,2026-01-15 17:00:00,2026-01-15 19:16:00,2026-01-16 04:16:00,212,764
VC00812,V002,B03,2025-02-20 03:00:00,2025-02-20 04:44:00,2025-02-21 15:44:00,778,229
VC00813,V006,B02,2025-03-08 22:00:00,2025-03-08 23:25:00,2025-03-09 20:25:00,1476,632
VC00814,V019,B03,2025-08-31 05:00:00,2025-08-31 09:23:00,2025-09-01 16:23:00,173,240
VC00815,V029,B04,2026-02-13 15:00:00,2026-02-13 18:15:00,2026-02-14 13:15:00,238,925
VC00816,V005,B01,2025-03-30 15:00:00,2025-03-30 17:59:00,2025-03-31 16:59:00,662,724
VC00817,V023,B02,2026-07-19 22:00:00,2026-07-20 02:58:00,2026-07-20 16:58:00,1353,169
VC00818,V016,B03,2025-05-30 05:00:00,2025-05-30 10:00:00,2025-05-30 20:00:00,974,698
VC00819,V020,B03,2025-12-21 12:00:00,2025-12-21 16:59:00,2025-12-22 18:59:00,365,1066
VC00820,V006,B02,2026-11-11 13:00:00,2026-11-11 17:42:00,2026-11-13 02:42:00,694,446
VC00821,V015,B01,2025-01-03 03:00:00,2025-01-03 04:30:00,2025-01-03 12:30:00,524,899
VC00822,V012,B02,2026-07-20 07:00:00,2026-07-20 07:53:00,2026-07-21 01:53:00,123,462
VC00823,V003,B03,2026-01-20 12:00:00,2026-01-20 14:40:00,2026-01-21 23:40:00,714,1087
VC00824,V022,B03,2026-03-19 06:00:00,2026-03-19 06:33:00,2026-03-19 17:33:00,799,861
VC00825,V011,B03,2025-02-09 18:00:00,2025-02-09 19:59:00,2025-02-10 09:59:00,1477,1031
VC00826,V005,B04,2026-10-10 20:00:00,2026-10-10 20:48:00,2026-10-12 00:48:00,418,993
VC00827,V027,B04,2026-04-03 12:00:00,2026-04-03 16:26:00,2026-04-05 01:26:00,214,1117
VC00828,V018,B01,2026-02-13 16:00:00,2026-02-13 19:11:00,2026-02-14 20:11:00,526,729
VC00829,V009,B01,2026-04-28 18:00:00,2026-04-28 19:03:00,2026-04-29 07:03:00,794,818
VC00830,V020,B01,2025-08-15 14:00:00,2025-08-15 17:49:00,2025-08-16 06:49:00,731,694
VC00831,V003,B04,2025-02-13 04:00:00,2025-02-13 06:49:00,2025-02-14 03:49:00,586,811
VC00832,V017,B03,2026-09-10 00:00:00,2026-09-10 03:04:00,2026-09-10 17:04:00,458,279
VC00833,V007,B01,2026-05-26 22:00:00,2026-05-26 22:49:00,2026-05-28 06:49:00,1008,1086
VC00834,V017,B02,2025-02-04 01:00:00,2025-02-04 05:37:00,2025-02-05 17:37:00,489,746
VC00835,V025,B03,2026-10-23 02:00:00,2026-10-23 06:58:00,2026-10-23 23:58:00,393,251
VC00836,V024,B01,2026-12-06 17:00:00,2026-12-06 18:37:00,2026-12-07 08:37:00,1040,843
VC00837,V030,B01,2025-06-08 03:00:00,2025-06-08 03:32:00,2025-06-08 20:32:00,1317,228
VC00838,V002,B01,2026-04-01 01:00:00,2026-04-01 05:29:00,2026-04-02 17:29:00,1166,689
VC00839,V029,B02,2025-01-31 16:00:00,2025-01-31 19:09:00,2025-02-01 23:09:00,757,460
VC00840,V018,B03,2025-09-20 21:00:00,2025-09-20 23:56:00,2025-09-21 15:56:00,1003,290
VC00841,V009,B01,2026-01-08 06:00:00,2026-01-08 07:46:00,2026-01-08 20:46:00,131,1196
VC00842,V018,B03,2026-12-03 20:00:00,2026-12-03 21:22:00,2026-12-04 11:22:00,1225,702
VC00843,V026,B03,2026-01-06 01:00:00,2026-01-06 02:42:00,2026-01-07 08:42:00,1275,551
VC00844,V020,B03,2025-08-22 20:00:00,2025-08-22 21:06:00,2025-08-23 14:06:00,1207,958
VC00845,V016,B01,2025-03-11 06:00:00,2025-03-11 07:36:00,2025-03-11 15:36:00,316,835
VC00846,V013,B02,2025-03-15 10:00:00,2025-03-15 11:14:00,2025-03-16 08:14:00,1320,963
VC00847,V027,B02,2026-05-01 13:00:00,2026-05-01 16:09:00,2026-05-02 10:09:00,1473,1142
VC00848,V005,B01,2025-04-18 05:00:00,2025-04-18 09:28:00,2025-04-19 11:28:00,1059,249
VC00849,V021,B04,2026-09-15 00:00:00,2026-09-15 03:08:00,2026-09-16 08:08:00,1063,524
VC00850,V029,B03,2025-11-02 13:00:00,2025-11-02 14:43:00,2025-11-04 01:43:00,844,852
VC00851,V028,B03,2025-09-08 08:00:00,2025-09-08 11:19:00,2025-09-09 20:19:00,1028,1048
VC00852,V004,B03,2025-02-11 07:00:00,2025-02-11 08:03:00,2025-02-12 07:03:00,1080,994
VC00853,V012,B02,2025-08-22 04:00:00,2025-08-22 06:54:00,2025-08-23 14:54:00,1140,260
VC00854,V018,B01,2026-07-08 21:00:00,2026-07-08 22:24:00,2026-07-09 16:24:00,718,1141
VC00855,V014,B02,2026-09-22 09:00:00,2026-09-22 12:55:00,2026-09-23 14:55:00,1371,549
VC00856,V003,B03,2025-08-06 02:00:00,2025-08-06 06:36:00,2025-08-07 02:36:00,526,932
VC00857,V023,B02,2026-08-18 09:00:00,2026-08-18 12:25:00,2026-08-19 13:25:00,454,209
VC00858,V020,B04,2026-10-27 09:00:00,2026-10-27 10:28:00,2026-10-28 12:28:00,766,1186
VC00859,V010,B04,2025-05-14 07:00:00,2025-05-14 11:17:00,2025-05-15 00:17:00,242,272
VC00860,V021,B01,2026-06-02 08:00:00,2026-06-02 11:17:00,2026-06-03 10:17:00,285,495
VC00861,V005,B02,2025-07-09 16:00:00,2025-07-09 16:30:00,2025-07-11 00:30:00,1027,1138
VC00862,V019,B04,2026-02-02 23:00:00,2026-02-03 02:49:00,2026-02-04 05:49:00,500,471
VC00863,V026,B03,2026-03-09 06:00:00,2026-03-09 09:03:00,2026-03-10 11:03:00,990,755
VC00864,V017,B04,2025-05-02 21:00:00,2025-05-02 21:34:00,2025-05-04 00:34:00,361,652
VC00865,V018,B01,2025-03-27 05:00:00,2025-03-27 08:39:00,2025-03-28 20:39:00,101,1196
VC00866,V010,B01,2026-05-06 11:00:00,2026-05-06 12:26:00,2026-05-07 23:26:00,581,934
VC00867,V013,B04,2026-06-23 07:00:00,2026-06-23 10:12:00,2026-06-24 16:12:00,881,941
VC00868,V005,B02,2025-10-16 09:00:00,2025-10-16 10:58:00,2025-10-17 09:58:00,1237,837
VC00869,V010,B02,2026-05-07 21:00:00,2026-05-08 01:03:00,2026-05-08 13:03:00,375,73
VC00870,V024,B04,2025-04-08 22:00:00,2025-04-08 22:38:00,2025-04-09 10:38:00,1447,944
VC00871,V021,B04,2025-07-05 09:00:00,2025-07-05 10:13:00,2025-07-05 22:13:00,1033,921
VC00872,V014,B04,2025-09-03 11:00:00,2025-09-03 15:22:00,2025-09-04 15:22:00,887,777
VC00873,V020,B01,2025-11-05 05:00:00,2025-11-05 07:05:00,2025-11-06 04:05:00,1283,1070
VC00874,V014,B03,2025-11-20 05:00:00,2025-11-20 09:46:00,2025-11-21 01:46:00,168,127
VC00875,V019,B04,2026-10-22 19:00:00,2026-10-22 22:38:00,2026-10-23 09:38:00,263,340
VC00876,V003,B01,2026-01-17 12:00:00,2026-01-17 16:28:00,2026-01-18 16:28:00,602,1017
VC00877,V002,B03,2025-04-17 14:00:00,2025-04-17 17:09:00,2025-04-18 20:09:00,1195,72
VC00878,V029,B04,2026-10-03 03:00:00,2026-10-03 07:22:00,2026-10-04 07:22:00,1275,728
VC00879,V010,B03,2026-07-29 19:00:00,2026-07-29 22:30:00,2026-07-31 07:30:00,443,122
VC00880,V021,B04,2026-02-20 03:00:00,2026-02-20 05:43:00,2026-02-20 14:43:00,1284,396
VC00881,V024,B01,2025-03-12 11:00:00,2025-03-12 13:59:00,2025-03-13 22:59:00,687,1042
VC00882,V003,B03,2025-04-23 15:00:00,2025-04-23 16:34:00,2025-04-24 16:34:00,616,321
VC00883,V009,B01,2026-01-19 14:00:00,2026-01-19 16:50:00,2026-01-21 03:50:00,328,407
VC00884,V026,B02,2025-07-26 08:00:00,2025-07-26 12:18:00,2025-07-27 07:18:00,635,533
VC00885,V017,B01,2026-10-25 01:00:00,2026-10-25 03:02:00,2026-10-26 12:02:00,802,222
VC00886,V016,B04,2025-07-18 01:00:00,2025-07-18 02:48:00,2025-07-19 12:48:00,884,537
VC00887,V019,B03,2026-08-24 23:00:00,2026-08-25 00:55:00,2026-08-25 14:55:00,211,591
VC00888,V015,B04,2025-06-08 08:00:00,2025-06-08 08:56:00,2025-06-08 21:56:00,1075,667
VC00889,V022,B04,2026-10-13 06:00:00,2026-10-13 08:29:00,2026-10-14 04:29:00,1071,587
VC00890,V010,B04,2025-07-18 04:00:00,2025-07-18 08:12:00,2025-07-18 16:12:00,882,696
VC00891,V021,B03,2025-02-26 00:00:00,2025-02-26 01:19:00,2025-02-27 02:19:00,984,608
VC00892,V026,B01,2026-04-03 08:00:00,2026-04-03 10:48:00,2026-04-04 02:48:00,622,851
VC00893,V022,B02,2026-09-22 13:00:00,2026-09-22 15:33:00,2026-09-23 22:33:00,1164,741
VC00894,V001,B01,2025-09-03 15:00:00,2025-09-03 18:10:00,2025-09-04 19:10:00,239,74
VC00895,V004,B04,2026-07-16 11:00:00,2026-07-16 12:20:00,2026-07-17 12:20:00,819,499
VC00896,V002,B01,2026-01-22 19:00:00,2026-01-22 21:38:00,2026-01-23 11:38:00,1368,238
VC00897,V021,B01,2025-03-19 15:00:00,2025-03-19 17:21:00,2025-03-20 20:21:00,345,226
VC00898,V025,B02,2025-06-27 08:00:00,2025-06-27 11:42:00,2025-06-28 16:42:00,327,427
VC00899,V022,B01,2025-12-12 21:00:00,2025-12-13 00:00:00,2025-12-13 22:00:00,1408,978
VC00900,V029,B03,2026-01-13 08:00:00,2026-01-13 12:08:00,2026-01-14 18:08:00,627,381
VC00901,V002,B04,2025-04-12 00:00:00,2025-04-12 02:51:00,2025-04-13 10:51:00,895,731
VC00902,V009,B02,2025-03-24 00:00:00,2025-03-24 02:42:00,2025-03-25 12:42:00,1002,192
VC00903,V013,B02,2026-11-03 08:00:00,2026-11-03 10:12:00,2026-11-04 13:12:00,1421,1057
VC00904,V025,B04,2025-05-29 01:00:00,2025-05-29 02:43:00,2025-05-30 03:43:00,547,267
VC00905,V002,B01,2026-08-26 21:00:00,2026-08-26 23:42:00,2026-08-27 10:42:00,244,563
VC00906,V016,B02,2026-09-01 18:00:00,2026-09-01 18:39:00,2026-09-03 06:39:00,1437,51
VC00907,V005,B03,2025-02-21 15:00:00,2025-02-21 18:49:00,2025-02-22 10:49:00,901,57
VC00908,V014,B04,2026-12-05 16:00:00,2026-12-05 20:41:00,2026-12-06 19:41:00,243,1156
VC00909,V023,B04,2025-11-05 08:00:00,2025-11-05 08:31:00,2025-11-06 04:31:00,348,1146
VC00910,V010,B04,2026-05-06 01:00:00,2026-05-06 04:20:00,2026-05-07 09:20:00,213,235
VC00911,V027,B04,2026-05-14 19:00:00,2026-05-14 22:24:00,2026-05-15 08:24:00,693,465
VC00912,V022,B02,2025-08-30 03:00:00,2025-08-30 03:50:00,2025-08-30 23:50:00,712,848
VC00913,V003,B04,2025-05-26 18:00:00,2025-05-26 21:33:00,2025-05-27 20:33:00,488,336
VC00914,V024,B02,2025-02-18 17:00:00,2025-02-18 19:08:00,2025-02-19 03:08:00,1101,846
VC00915,V018,B04,2025-03-28 00:00:00,2025-03-28 03:07:00,2025-03-29 02:07:00,133,125
VC00916,V026,B01,2026-04-09 05:00:00,2026-04-09 05:58:00,2026-04-09 23:58:00,930,292
VC00917,V022,B02,2025-10-17 00:00:00,2025-10-17 04:57:00,2025-10-18 02:57:00,1286,527
VC00918,V005,B04,2025-04-09 08:00:00,2025-04-09 08:48:00,2025-04-10 15:48:00,1439,89
VC00919,V023,B02,2026-10-06 08:00:00,2026-10-06 08:53:00,2026-10-06 23:53:00,129,402
VC00920,V026,B01,2025-03-10 05:00:00,2025-03-10 08:07:00,2025-03-11 18:07:00,1034,399
VC00921,V016,B02,2025-03-29 07:00:00,2025-03-29 08:24:00,2025-03-29 19:24:00,229,465
VC00922,V027,B04,2026-08-05 22:00:00,2026-08-06 01:22:00,2026-08-07 10:22:00,764,297
VC00923,V026,B02,2025-07-07 12:00:00,2025-07-07 15:14:00,2025-07-09 01:14:00,193,405
VC00924,V009,B02,2026-04-04 01:00:00,2026-04-04 02:02:00,2026-04-04 13:02:00,950,394
VC00925,V008,B01,2026-05-21 01:00:00,2026-05-21 02:54:00,2026-05-22 00:54:00,373,254
VC00926,V029,B04,2026-05-29 13:00:00,2026-05-29 14:50:00,2026-05-29 22:50:00,265,63
VC00927,V023,B03,2025-01-10 20:00:00,2025-01-10 22:01:00,2025-01-11 08:01:00,952,1024
VC00928,V021,B03,2025-06-23 06:00:00,2025-06-23 08:15:00,2025-06-23 20:15:00,1171,972
VC00929,V020,B01,2026-07-17 13:00:00,2026-07-17 15:32:00,2026-07-18 04:32:00,1321,418
VC00930,V027,B03,2026-11-14 12:00:00,2026-11-14 13:15:00,2026-11-15 17:15:00,812,907
VC00931,V004,B01,2025-01-07 05:00:00,2025-01-07 07:30:00,2025-01-07 21:30:00,1367,791
VC00932,V025,B02,2026-11-24 23:00:00,2026-11-25 01:22:00,2026-11-25 23:22:00,666,158
VC00933,V005,B04,2025-09-22 11:00:00,2025-09-22 12:27:00,2025-09-23 21:27:00,1118,411
VC00934,V021,B03,2025-08-07 03:00:00,2025-08-07 03:52:00,2025-08-07 12:52:00,683,479
VC00935,V020,B04,2026-08-17 11:00:00,2026-08-17 13:38:00,2026-08-18 07:38:00,188,263
VC00936,V026,B01,2025-03-13 14:00:00,2025-03-13 16:00:00,2025-03-14 05:00:00,1093,1104
VC00937,V008,B04,2025-06-08 11:00:00,2025-06-08 12:06:00,2025-06-10 00:06:00,1313,717
VC00938,V022,B03,2026-07-27 03:00:00,2026-07-27 05:11:00,2026-07-28 12:11:00,571,275
VC00939,V008,B04,2026-03-22 06:00:00,2026-03-22 08:26:00,2026-03-22 19:26:00,509,819
VC00940,V019,B04,2025-10-29 06:00:00,2025-10-29 07:07:00,2025-10-30 06:07:00,211,942
VC00941,V015,B02,2025-07-17 21:00:00,2025-07-17 23:20:00,2025-07-19 02:20:00,893,814
VC00942,V007,B03,2025-07-06 05:00:00,2025-07-06 09:24:00,2025-07-07 16:24:00,652,464
VC00943,V023,B01,2026-04-04 14:00:00,2026-04-04 15:35:00,2026-04-05 00:35:00,674,329
VC00944,V014,B02,2025-06-01 16:00:00,2025-06-01 20:28:00,2025-06-02 18:28:00,803,500
VC00945,V026,B02,2026-02-07 23:00:00,2026-02-08 00:50:00,2026-02-09 09:50:00,1283,1182
VC00946,V028,B04,2025-11-10 14:00:00,2025-11-10 15:14:00,2025-11-11 12:14:00,543,1019
VC00947,V024,B04,2026-09-24 19:00:00,2026-09-24 21:52:00,2026-09-25 05:52:00,605,557
VC00948,V008,B02,2026-03-23 20:00:00,2026-03-24 00:12:00,2026-03-25 02:12:00,1274,60
VC00949,V016,B01,2026-07-25 09:00:00,2026-07-25 09:52:00,2026-07-25 18:52:00,971,1137
VC00950,V026,B01,2026-06-23 09:00:00,2026-06-23 13:35:00,2026-06-24 22:35:00,1026,1064
VC00951,V025,B01,2025-11-25 09:00:00,2025-11-25 10:12:00,2025-11-26 11:12:00,932,496
VC00952,V008,B01,2025-07-01 04:00:00,2025-07-01 07:33:00,2025-07-02 00:33:00,132,1032
VC00953,V015,B01,2026-02-21 04:00:00,2026-02-21 05:52:00,2026-02-22 11:52:00,1031,999
VC00954,V026,B03,2025-07-09 06:00:00,2025-07-09 09:57:00,2025-07-09 22:57:00,1383,1000
VC00955,V029,B03,2025-01-02 20:00:00,2025-01-02 21:06:00,2025-01-03 17:06:00,1187,116
VC00956,V009,B02,2026-02-09 22:00:00,2026-02-10 02:08:00,2026-02-11 10:08:00,265,737
VC00957,V012,B01,2025-03-16 20:00:00,2025-03-17 00:53:00,2025-03-18 05:53:00,327,834
VC00958,V002,B03,2026-05-15 03:00:00,2026-05-15 07:28:00,2026-05-16 10:28:00,850,408
VC00959,V011,B02,2025-04-02 11:00:00,2025-04-02 13:14:00,2025-04-03 01:14:00,1205,282
VC00960,V024,B02,2026-10-16 07:00:00,2026-10-16 09:17:00,2026-10-17 17:17:00,756,772
VC00961,V014,B03,2026-01-01 00:00:00,2026-01-01 04:47:00,2026-01-02 09:47:00,211,179
VC00962,V016,B01,2026-05-25 00:00:00,2026-05-25 03:26:00,2026-05-26 01:26:00,1062,1139
VC00963,V012,B01,2026-02-04 00:00:00,2026-02-04 04:21:00,2026-02-05 07:21:00,485,987
VC00964,V029,B02,2025-04-30 04:00:00,2025-04-30 05:11:00,2025-05-01 01:11:00,690,207
VC00965,V004,B02,2025-05-30 07:00:00,2025-05-30 08:54:00,2025-05-31 00:54:00,1116,358
VC00966,V001,B03,2025-10-06 21:00:00,2025-10-07 01:56:00,2025-10-08 05:56:00,953,1158
VC00967,V014,B04,2025-06-30 06:00:00,2025-06-30 10:32:00,2025-07-01 05:32:00,1420,93
VC00968,V001,B02,2026-02-03 00:00:00,2026-02-03 02:06:00,2026-02-03 12:06:00,1164,737
VC00969,V021,B03,2026-07-17 02:00:00,2026-07-17 05:25:00,2026-07-18 09:25:00,1095,1135
VC00970,V019,B02,2026-08-31 22:00:00,2026-09-01 02:24:00,2026-09-01 19:24:00,727,401
VC00971,V012,B03,2025-12-21 23:00:00,2025-12-22 01:26:00,2025-12-23 00:26:00,196,353
VC00972,V006,B02,2026-04-28 03:00:00,2026-04-28 05:55:00,2026-04-29 03:55:00,1196,634
VC00973,V023,B02,2025-09-06 20:00:00,2025-09-06 21:59:00,2025-09-08 07:59:00,430,537
VC00974,V019,B02,2025-06-09 15:00:00,2025-06-09 15:51:00,2025-06-10 09:51:00,1002,583
VC00975,V018,B01,2026-05-20 17:00:00,2026-05-20 19:04:00,2026-05-21 09:04:00,1463,699
VC00976,V015,B02,2026-04-15 11:00:00,2026-04-15 12:45:00,2026-04-16 07:45:00,1192,667
VC00977,V030,B04,2025-06-15 20:00:00,2025-06-15 20:42:00,2025-06-16 16:42:00,397,988
VC00978,V024,B03,2026-03-14 04:00:00,2026-03-14 05:49:00,2026-03-14 13:49:00,1425,655
VC00979,V019,B02,2026-10-10 01:00:00,2026-10-10 03:58:00,2026-10-11 11:58:00,1257,955
VC00980,V016,B01,2026-04-08 10:00:00,2026-04-08 11:27:00,2026-04-09 18:27:00,385,1178
VC00981,V013,B02,2025-06-09 13:00:00,2025-06-09 16:07:00,2025-06-10 00:07:00,1013,781
VC00982,V020,B02,2025-05-07 06:00:00,2025-05-07 09:17:00,2025-05-07 18:17:00,1294,1128
VC00983,V001,B01,2025-10-31 07:00:00,2025-10-31 09:52:00,2025-10-31 23:52:00,1202,962
VC00984,V007,B04,2025-04-30 07:00:00,2025-04-30 11:52:00,2025-05-01 07:52:00,750,1097
VC00985,V005,B04,2025-03-18 12:00:00,2025-03-18 15:34:00,2025-03-19 11:34:00,857,840
VC00986,V012,B03,2026-05-25 00:00:00,2026-05-25 00:36:00,2026-05-25 17:36:00,730,962
VC00987,V029,B04,2025-04-30 14:00:00,2025-04-30 16:20:00,2025-05-01 23:20:00,951,956
VC00988,V024,B04,2026-01-30 01:00:00,2026-01-30 02:53:00,2026-01-31 11:53:00,948,335
VC00989,V010,B04,2025-04-28 12:00:00,2025-04-28 13:43:00,2025-04-29 03:43:00,1175,736
VC00990,V001,B04,2025-04-01 06:00:00,2025-04-01 09:42:00,2025-04-01 19:42:00,1408,609
VC00991,V015,B02,2026-07-20 22:00:00,2026-07-20 23:59:00,2026-07-22 00:59:00,508,430
VC00992,V016,B01,2026-06-06 05:00:00,2026-06-06 07:58:00,2026-06-07 08:58:00,718,672
VC00993,V001,B01,2026-11-06 14:00:00,2026-11-06 18:27:00,2026-11-07 09:27:00,415,587
VC00994,V021,B03,2026-02-14 19:00:00,2026-02-14 23:31:00,2026-02-15 10:31:00,954,417
VC00995,V004,B03,2026-11-03 14:00:00,2026-11-03 16:35:00,2026-11-04 00:35:00,1109,186
VC00996,V014,B03,2026-05-09 22:00:00,2026-05-10 02:36:00,2026-05-11 04:36:00,1386,1024
VC00997,V024,B01,2025-06-13 06:00:00,2025-06-13 09:41:00,2025-06-14 09:41:00,631,383
VC00998,V015,B02,2025-03-21 21:00:00,2025-03-21 22:44:00,2025-03-22 16:44:00,831,384
VC00999,V014,B03,2025-03-14 05:00:00,2025-03-14 07:49:00,2025-03-15 02:49:00,199,643
VC01000,V007,B02,2026-02-03 05:00:00,2026-02-03 06:09:00,2026-02-04 06:09:00,293,392
