ImporterID	ImporterName	Industry	RowHash	EffectiveStart	EffectiveEnd	IsCurrent	SurrogateKey	LoadDate
I001	Importer 1	Construction	b405c86526d2825714264b8ca50a01be	2026-06-25	9999-12-31	1	0	2026-06-25
I002	Importer 2	Pharmaceutical	edfb2991af3bd41ac16fc497fa3b3e81	2026-06-25	9999-12-31	1	1	2026-06-25
I003	Importer 3	Retail	0a9aba148ddc918af2975bef6dd561af	2026-06-25	9999-12-31	1	2	2026-06-25
I004	Importer 4	Automotive	919f32201b71d5406342843d94c35520	2026-06-25	9999-12-31	1	3	2026-06-25
I005	Importer 5	Pharmaceutical	29b7eca6feea1abfbff1e4bd7007ba32	2026-06-25	9999-12-31	1	4	2026-06-25
I006	Importer 6	Pharmaceutical	01a702fd10ebbd8b2ddcfc8c03c83e6b	2026-06-25	9999-12-31	1	5	2026-06-25
I007	Importer 7	Construction	b95a84c992f6efb349dd4225cd13268d	2026-06-25	9999-12-31	1	6	2026-06-25
I008	Importer 8	Electronics	a93e9621f1d4ba1696e1b0f99d1109dc	2026-06-25	9999-12-31	1	7	2026-06-25
I009	Importer 9	Construction	9b4be008a743fd8d9eaba44d6c798db4	2026-06-25	9999-12-31	1	8	2026-06-25
I010	Importer 10	Retail	8b7e5be120ee63fb130607df85d6def9	2026-06-25	9999-12-31	1	9	2026-06-25
I011	Importer 11	Automotive	36a78d6749c1f4f53d77961aaad754dd	2026-06-25	9999-12-31	1	10	2026-06-25
I012	Importer 12	Automotive	4b7dfde99b11ef3dc028af98bb170f74	2026-06-25	9999-12-31	1	11	2026-06-25
I013	Importer 13	Retail	3259e0848961a92e71ab1dff8a9dac7d	2026-06-25	9999-12-31	1	12	2026-06-25
I014	Importer 14	Automotive	a81b74c5439a66c86dfd53082f182b01	2026-06-25	9999-12-31	1	13	2026-06-25
I015	Importer 15	Construction	25b9ce719d52fb1f59447be35d204f4b	2026-06-25	9999-12-31	1	14	2026-06-25
I016	Importer 16	Construction	3cfb4a111f5017c65523c329cb814a61	2026-06-25	9999-12-31	1	15	2026-06-25
I017	Importer 17	Retail	b8b603cfb4ed59af6a80531aedac00ef	2026-06-25	9999-12-31	1	16	2026-06-25
I018	Importer 18	Automotive	36faae422a2006b3976f5dfebcfd1845	2026-06-25	9999-12-31	1	17	2026-06-25
I019	Importer 19	Pharmaceutical	383beebe0582f9234d506fc39f1802bb	2026-06-25	9999-12-31	1	18	2026-06-25
I020	Importer 20	Electronics	19b390edb40a472d52ffc5e7efdf71ee	2026-06-25	9999-12-31	1	19	2026-06-25
I021	Importer 21	Pharmaceutical	aa6178d8e37dec98ec67083f9cb66bb1	2026-06-25	9999-12-31	1	20	2026-06-25
I022	Importer 22	Construction	74b8add554156c081d42b862b6a0d041	2026-06-25	9999-12-31	1	21	2026-06-25
I023	Importer 23	Construction	6d270c246e78af8d26e4712f20753e38	2026-06-25	9999-12-31	1	22	2026-06-25
I024	Importer 24	Construction	e6da9941a92f5dac73a2c38783e33735	2026-06-25	9999-12-31	1	23	2026-06-25
I025	Importer 25	Construction	53ca5f48694a5dc3000ecfbf50fa361b	2026-06-25	9999-12-31	1	24	2026-06-25
I026	Importer 26	Electronics	0f273ae1202e8a221d35e8e6462b2be6	2026-06-25	9999-12-31	1	25	2026-06-25
I027	Importer 27	Retail	eea6bbfbc35c2bb6504ed7b13749710e	2026-06-25	9999-12-31	1	26	2026-06-25
I028	Importer 28	Construction	c1fecb403944ac0175a143325e9a6798	2026-06-25	9999-12-31	1	27	2026-06-25
I029	Importer 29	Automotive	e1c6d003e2f63b69cc5e35573db8c96e	2026-06-25	9999-12-31	1	28	2026-06-25
I030	Importer 30	Electronics	2764f1da1fb39b0a24b54d8be0f30969	2026-06-25	9999-12-31	1	29	2026-06-25
I031	Importer 31	Construction	c9da0066febc572c928eb7ea9661789d	2026-06-25	9999-12-31	1	30	2026-06-25
I032	Importer 32	Automotive	cecfb377946d102c821bc1151e439dcf	2026-06-25	9999-12-31	1	31	2026-06-25
I033	Importer 33	Construction	af030702a21c5ed1a679d2b5e3d31b55	2026-06-25	9999-12-31	1	32	2026-06-25
I034	Importer 34	Retail	570520c7d65afcd03ce2a61878126278	2026-06-25	9999-12-31	1	33	2026-06-25
I035	Importer 35	Electronics	934e7742d7474afc29c8b2e854d2a06b	2026-06-25	9999-12-31	1	34	2026-06-25
I036	Importer 36	Retail	3de6d1fa7d7cfa22016c77a1dadff637	2026-06-25	9999-12-31	1	35	2026-06-25
I037	Importer 37	Electronics	c1dd0664b9cebf5bd78fa3f7448bf01e	2026-06-25	9999-12-31	1	36	2026-06-25
I038	Importer 38	Construction	bc9448a42c0e1d7eb50527db483d5fd2	2026-06-25	9999-12-31	1	37	2026-06-25
I039	Importer 39	Construction	c8c6e89ae52319ddee747992f92fe6f5	2026-06-25	9999-12-31	1	38	2026-06-25
I040	Importer 40	Electronics	cae90d07bab21e3ddc53dedb8a2f0ac6	2026-06-25	9999-12-31	1	39	2026-06-25
I041	Importer 41	Automotive	ce8b7267348d18f4da584dc3f757ffa6	2026-06-25	9999-12-31	1	40	2026-06-25
I042	Importer 42	Automotive	8d21415a47e48dfd15e65b5398953eb1	2026-06-25	9999-12-31	1	41	2026-06-25
I043	Importer 43	Construction	27f5880b49af109e06ab20e5c4031f7d	2026-06-25	9999-12-31	1	42	2026-06-25
I044	Importer 44	Construction	71ef485f8647ddf80d67e4e9f72d892c	2026-06-25	9999-12-31	1	43	2026-06-25
I045	Importer 45	Retail	587a23335940a846f0761aa2bba017a9	2026-06-25	9999-12-31	1	44	2026-06-25
I046	Importer 46	Construction	fa4b4593680dd9d431ad6cc197927235	2026-06-25	9999-12-31	1	45	2026-06-25
I047	Importer 47	Electronics	e2ad984e3b99efced5020e53098b2fd2	2026-06-25	9999-12-31	1	46	2026-06-25
I048	Importer 48	Automotive	0c242f9715df353f8111ab90d181b21a	2026-06-25	9999-12-31	1	47	2026-06-25
I049	Importer 49	Automotive	0df9cc22cf43ee325cb8a5993c056dbc	2026-06-25	9999-12-31	1	48	2026-06-25
I050	Importer 50	Retail	c03138f58b42ef6bc712750c6d3e199a	2026-06-25	9999-12-31	1	49	2026-06-25